record_id,pair_id,y,analysis_task,window_type,window_size,mean_rr,median_rr,std_rr,mad_rr,rmssd,sdsd,cv_rr,rr_diff_mean,rr_diff_std,sd1,sd2,sd1_sd2_ratio,shewhart_out_count,shewhart_out_rate,shewhart_max_abs_z,shewhart_first_alarm_pos,shewhart_first_alarm_time_sec,cusum_pos_max,cusum_neg_max,cusum_abs_max,cusum_last_pos,cusum_last_neg,cusum_alarm_count,cusum_first_alarm_pos,cusum_first_alarm_time_sec,cusum_time_in_alarm,cusum_alarm_density,ewma_last,ewma_max_abs,ewma_slope,ewma_alarm_count,ewma_first_alarm_time_sec,mr_mean,mr_median,mr_max,mr_mad,mr_out_count,longest_run_above_median,longest_run_below_median,trend_run_up_max,trend_run_down_max,n_runs_rule_violations,ectopy_like_count,ectopy_like_density,short_long_sequence_count,compensatory_pause_like_count,bigeminy_like_pattern_count,trigeminy_like_pattern_count,atrial_tachy_like_run_count,n_rr,end_time_sec,lead_time_sec,false_alarms_per_hour
p01,0,0,main_p_far_vs_p_pre,full_record,1800.0,770.8132497857755,765.625,47.30850721071382,15.625,65.22021821913876,65.23419909631889,0.06137479762298041,19.770681525932275,65.23419909631889,46.11765857321943,48.47010704275661,0.9514659939277207,33,0.014138817480719794,8.490986613782876,27.0,21.9140625,9.607206790195074,31.291546227888684,31.291546227888684,0.0,21.846977569279176,219,617.0,478.7734375,168.80810170308482,0.09383033419023136,-0.38343231487230317,2.8382873851208323,-0.00012244980011879108,127,21.9140625,19.770681525932275,7.8125,757.8125,7.8125,50,34,47,8,8,4,33,0.014138817480719794,12,12,0,0,0,2334,1799.0781,,438.2244439527111
p01,0,0,main_p_far_vs_p_pre,rr_count,50.0,770.546875,765.625,22.118381338112854,15.625,15.684663017348488,15.845157182175823,0.02866164628732626,12.436224489795919,15.845157182175823,11.09073158019297,29.22829924519322,0.4761928896109616,33,0.0,8.490986613782876,-1.0,1.984375,7.47516773468802,25.246578136070625,25.246578136070625,0.0,0.0,126,-1.0,4.9140625,0.0,0.0,-0.23349935049961268,2.838339763801137,-0.0015484212589186811,113,1.984375,12.436224489795919,7.8125,757.8125,7.8125,62,20,25,6,8,56,33,0.0,12,12,0,0,0,2300,1773.1797,,255.81163601184923
p01,0,0,main_p_far_vs_p_pre,rr_count,100.0,770.78125,769.53125,40.98609672418616,15.625,51.57182537343898,51.834036370762384,0.05343471563145069,19.886363636363637,51.834036370762384,36.466787439727156,38.893415619702516,0.5541617306549604,33,0.02,8.490986613782876,2.0,2.0234375,9.607206790195074,25.246578136070625,25.246578136070625,0.0,0.0,169,-1.0,4.9140625,0.0,0.0,-0.2299691928294908,2.838287385213861,-0.005117156496399697,116,2.0234375,19.886363636363637,7.8125,757.8125,7.8125,60,24,33,8,8,38,33,0.02,12,12,0,0,0,2300,1773.1797,,343.11243242859143
p01,0,0,main_p_far_vs_p_pre,rr_count,128.0,770.965576171875,765.625,47.671117961595016,15.625,64.80947815390869,65.0655273115068,0.06177354307822491,20.238681102362207,65.0655273115068,45.82722148779024,42.15501614670701,0.8612326911045531,33,0.015625,8.490986613782876,26.0,6.84375,9.607206790195074,27.115122754123277,27.115122754123277,0.0,0.0,169,-1.0,6.4453125,0.0,0.0,-0.3296700962510547,2.838287385122827,-0.0008947875370344653,119,3.5703125,20.238681102362207,7.8125,757.8125,7.8125,56,24,29,8,8,32,33,0.015625,12,12,0,0,0,2304,1776.1094,,342.54646701379994
p01,0,0,main_p_far_vs_p_pre,rr_count,200.0,771.25,765.625,43.847040367879515,15.625,64.96399273258066,65.12778903710814,0.057057095177030226,19.62939698492462,65.12778903710814,45.93647979416138,44.682792814861834,0.9699839330188997,29,0.01,8.490986613782876,53.0,12.8828125,9.607206790195074,21.802593151020805,21.802593151020805,0.0,0.0,154,-1.0,4.9140625,0.0,0.0,-0.23703036073737602,2.824756515045096,-0.002884357014668486,96,2.7890625,19.62939698492462,7.8125,757.8125,7.8125,48,25,35,8,8,23,29,0.01,11,11,0,0,0,2200,1697.7578,,326.54834511730706
p01,0,0,main_p_far_vs_p_pre,time,300.0,770.3793679141124,765.625,47.36668432524813,15.625,63.82746257225526,63.90999526202528,0.06171469851579836,19.032796223958336,63.90999526202528,45.13283161077224,46.3880020905447,0.9328034601397149,33,0.01286743946590494,8.490986613782876,85.5,6.625,9.607206790195074,31.291546227888684,31.291546227888684,0.0,0.0,219,150.0,101.8984375,24.584347201493763,0.08189402954654534,-0.27229882305911685,2.8382873851208323,-0.0007795364777126398,127,6.625,19.032796223958336,7.8125,757.8125,7.8125,50,25,49,8,8,16,33,0.01286743946590494,12,12,0,0,0,2334,1799.0781,,438.2244439527111
p02,0,1,main_p_far_vs_p_pre,full_record,1800.0,742.6904921584812,750.0,78.81321628267897,7.8125,145.78256866884433,145.8126734488915,0.10611852058806372,59.87755470685384,145.8126734488915,103.08384288453334,42.38829387693624,2.431894125859639,364,0.1502269913330582,42.4186364899776,520.0,387.6171875,248.5866559939308,533.5600066285091,533.5600066285091,15.511213344143176,456.00390063427346,2068,31.0,23.5546875,1535.8839377837392,0.8534874122988031,-0.31130543989079795,20.639413975334257,-0.0016223284045421007,851,20.625,59.87755470685384,7.8125,640.625,7.8125,290,19,34,4,6,4,184,0.07593891869583161,31,31,16,3,2,2423,1799.5391,1776.4453125,
p02,0,1,main_p_far_vs_p_pre,rr_count,50.0,745.3125,748.046875,11.41341252802288,7.8125,13.158288083204907,13.293671037468298,0.015275920496127447,10.682397959183673,13.293671037468298,9.304314732440327,13.195449886347191,0.8288269423028681,351,0.02,42.4186364899776,0.0,0.484375,55.05116775551929,313.588928353934,313.588928353934,11.266816088862743,0.0,1148,6.5,1.6015625,18.290468750000002,0.49,0.4425016532576901,20.64004067598769,-0.004128487698031772,778,0.484375,10.682397959183673,7.8125,640.625,7.8125,26,21,17,4,6,84,230,0.0,85,85,11,2,0,2400,1782.8672,1776.4453125,
p02,0,1,main_p_far_vs_p_pre,rr_count,100.0,746.25,750.0,11.700011999235342,7.8125,13.382709599581062,13.450698202351779,0.015598703117960038,10.65340909090909,13.450698202351779,9.463004708514074,14.174676977746014,0.8209203020283633,351,0.02,42.4186364899776,16.0,0.484375,85.0406306994349,313.588928353934,313.588928353934,15.474742484213703,0.0,1436,12.5,1.9375,52.657734375000004,0.71,0.3154261451387838,20.64004067598769,-0.003882330146291342,808,0.484375,10.65340909090909,7.8125,640.625,7.8125,37,19,34,4,6,60,213,0.0,68,68,11,2,0,2400,1782.8672,1776.4453125,
p02,0,1,main_p_far_vs_p_pre,rr_count,128.0,745.758056640625,750.0,12.309702815380579,7.8125,13.153429499322455,13.20537807458514,0.016486046400691637,10.45767716535433,13.20537807458514,9.300879194830081,14.797564781270609,0.7104447192627497,322,0.015625,42.4186364899776,7.0,0.4765625,85.0406306994349,313.588928353934,313.588928353934,16.685822141685925,0.0,1363,11.0,0.4921875,61.1240234375,0.640625,0.5305252606306459,20.639435011780712,-0.0032633510030324318,772,0.4765625,10.45767716535433,7.8125,640.625,7.8125,25,19,34,4,6,49,169,0.0,34,34,11,1,2,2304,1712.2812,1776.4453125,
p02,0,1,main_p_far_vs_p_pre,rr_count,200.0,745.05859375,750.0,13.006966653951995,7.8125,13.227880840616173,13.260863191374444,0.017330981265794528,10.65876256281407,13.260863191374444,9.353524243127303,15.797655252564283,0.685507721757545,351,0.025,42.4186364899776,32.5,0.515625,86.85126216866988,475.9029962463918,475.9029962463918,15.032951962314655,0.0,1642,25.0,1.9375,105.54974609375,0.7075,0.25986958742484767,20.64004067598769,-0.007257600588548991,821,0.515625,10.65876256281407,7.8125,640.625,7.8125,58,19,34,4,6,36,185,0.0,40,40,12,2,0,2400,1782.8672,1776.4453125,
p02,0,1,main_p_far_vs_p_pre,time,300.0,744.0679280397023,750.0,21.751425854521123,7.8125,22.408897199352367,22.436821322964537,0.029117696392075263,11.712499843746095,22.436821322964537,15.84548316857429,26.36184983971228,0.7094790336697478,364,0.026300125313283206,42.4186364899776,32.0,0.7890625,107.85331459695806,495.79078425791965,495.79078425791965,27.86358027399786,0.0,1813,22.0,2.03125,236.5829304990174,0.7884358793235647,0.48040638929074436,20.639413975334257,0.00336126967681484,843,2.03125,11.712499843746095,7.8125,640.625,7.8125,87,19,34,4,6,19,184,0.0024813895781637717,31,31,16,3,2,2423,1799.5391,1776.4453125,
p03,1,0,main_p_far_vs_p_pre,full_record,1800.0,636.6399893880439,632.8125,53.015571874096935,7.8125,69.01378093890646,69.02599380055682,0.08327402104454196,11.57776008492569,69.02599380055682,48.80011249722365,56.91968677473017,0.857350334522374,82,0.029006013441811106,75.76028483633779,135.0,89.203125,134.75981017407082,1930.7912194301025,1930.7912194301025,0.0,1910.0519789287064,2433,116.0,76.4609375,1548.9450941811106,0.86062964273081,-0.966802048334577,18.107279477255986,0.0009024875117933054,1838,74.4140625,11.57776008492569,7.8125,1437.5,7.8125,66,140,212,5,5,3,21,0.007428369296073576,2,2,1,0,2,2827,1799.7812,,4866.591561240889
p03,1,0,main_p_far_vs_p_pre,rr_count,50.0,633.75,632.8125,6.873334302621268,7.8125,7.931080491299289,8.012464352154382,0.010687812740868115,6.138392857142858,8.012464352154382,5.6081207975340615,7.82664928356917,0.8057319547798211,82,0.0,75.76028483633779,-1.0,0.7109375,134.75981017407082,186.72666146410046,186.72666146410046,0.0,39.173417743721444,1759,6.0,1.78125,25.948515625,0.82,-1.3534484841025582,18.327683050715617,-0.0012940414633433137,1700,1.21875,6.138392857142858,7.8125,1437.5,0.0,65,25,22,5,5,96,21,0.0,2,2,1,0,2,2800,1782.3047,,3552.9278467368686
p03,1,0,main_p_far_vs_p_pre,rr_count,100.0,635.5859375,638.671875,9.45116919006447,7.8125,8.437970193763261,8.480724316377469,0.014940681344616544,6.155303030303031,8.480724316377469,5.966545943459968,11.143880430241506,0.7145984780311478,82,0.0,75.76028483633779,-1.0,0.7265625,134.75981017407082,289.62784821721203,289.62784821721203,0.0,68.48279276199227,2032,8.5,2.4453125,56.821953125,0.89,-1.1644281845768298,18.327683050715617,0.00659063286386775,1778,1.21875,6.155303030303031,7.8125,1437.5,0.0,68,35,37,5,5,60,22,0.0,3,3,1,0,2,2800,1782.3047,,4104.348712091709
p03,1,0,main_p_far_vs_p_pre,rr_count,128.0,635.406494140625,632.8125,12.432596020572838,7.8125,8.404738848838532,8.436234852674769,0.01916950942078259,6.24384842519685,8.436234852674769,5.943047834115743,14.75279440602046,0.6841715742297951,82,0.0078125,75.76028483633779,0.0,1.421875,134.75981017407082,334.6708862116308,334.6708862116308,0.0,105.56934341309741,2101,9.5,2.140625,74.230224609375,0.91015625,-0.9765163167219548,18.20451414303155,0.0002519762764998219,1772,1.421875,6.24384842519685,7.8125,1437.5,0.0,62,36,47,5,5,51,21,0.0,2,2,1,0,2,2816,1792.7344,,4219.029879718936
p03,1,0,main_p_far_vs_p_pre,rr_count,200.0,636.81640625,632.8125,13.40384619514893,7.8125,18.676157671386555,18.723020399512222,0.02124245284796697,7.105841708542714,18.723020399512222,13.206037735946593,13.830838387374538,0.7350408252275343,82,0.01,75.76028483633779,31.5,1.21875,134.75981017407082,332.724921035788,332.724921035788,0.0,130.96032444024897,2240,15.5,2.4453125,115.35517578125001,0.9075,-0.7565811241966633,18.107279477280496,0.004026203186418123,1812,1.21875,7.105841708542714,7.8125,1437.5,7.8125,57,44,58,5,5,35,21,0.0,2,2,1,0,2,2800,1782.3047,,4524.478895219207
p03,1,0,main_p_far_vs_p_pre,time,300.0,636.1070117250893,632.8125,28.530247833310185,7.8125,26.90177358222885,26.930254438538327,0.04555417110564758,8.857030702463746,26.930254438538327,19.02242652593914,37.83901990954945,0.6585217665737605,82,0.03918875242404654,75.76028483633779,70.0,1.4140625,134.75981017407082,849.2306965805884,849.2306965805884,0.0,306.40886094697964,2407,6.0,2.453125,296.2454715519515,0.9873727972201539,-1.2646637777182028,18.107279477255986,0.002291475659269654,1823,1.4140625,8.857030702463746,7.8125,1437.5,7.8125,57,49,65,5,5,17,21,0.005362828892240657,2,2,1,0,2,2827,1799.7812,,4814.585239583567
p04,1,1,main_p_far_vs_p_pre,full_record,1800.0,712.468453087886,710.9375,65.32633275803519,7.8125,88.85694208770758,88.87453218953276,0.09169014077031269,13.929455445544555,88.87453218953276,62.83134630571836,67.72947234873438,0.9276810246240234,85,0.03365003958828187,251.3399191752708,271.0,193.8359375,343.65788607697425,284.2527086631446,343.65788607697425,86.43460876100225,172.37828859950434,2475,3.0,2.734375,1763.3594213925178,0.9798099762470309,6.987044608406491,51.468462360392586,-0.00047457000690666795,957,2.0546875,13.929455445544555,7.8125,2773.4375,7.8125,55,82,63,4,6,4,15,0.0059382422802850355,0,0,0,0,0,2526,1799.6953,1797.265625,
p04,1,1,main_p_far_vs_p_pre,rr_count,50.0,711.796875,710.9375,8.929574180804536,7.8125,9.919859840754006,10.011001037241208,0.012751385000315463,7.4936224489795915,10.011001037241208,7.014400161817262,11.019156680973829,0.7561299552460442,73,0.0,251.3399191752708,-1.0,0.796875,301.18600710596746,185.63404074825488,301.18600710596746,2.0260047054228663,0.1335127478749546,1165,7.0,0.796875,18.208125000000003,0.52,0.3822300899455172,51.46843561590915,0.0012606580066384077,857,0.796875,7.4936224489795915,7.8125,2773.4375,7.8125,72,18,18,4,6,75,15,0.0,0,0,0,0,0,2500,1780.1719,1797.265625,
p04,1,1,main_p_far_vs_p_pre,rr_count,100.0,712.109375,710.9375,12.309900365845593,7.8125,12.636369455570566,12.70042942871128,0.017389551339015957,8.443813131313131,12.70042942871128,8.935262531612508,15.137600144385942,0.7112379172963151,73,0.02,251.3399191752708,12.0,1.1015625,301.18600710596746,200.99622125110565,301.18600710596746,20.094560426332713,0.9828591091679368,1551,15.0,1.1015625,48.82453125,0.68,0.39053968968385455,51.46843561590915,-0.005500790438779785,889,1.1015625,8.443813131313131,7.8125,2773.4375,7.8125,72,39,30,4,6,65,15,0.0,0,0,0,0,0,2500,1780.1719,1797.265625,
p04,1,1,main_p_far_vs_p_pre,rr_count,128.0,708.55712890625,710.9375,13.628415353776704,7.8125,11.80557565872407,11.852330596781243,0.01925228118264162,8.12007874015748,11.852330596781243,8.347802604094632,17.38568933274376,0.7021101127288585,73,0.015625,251.3399191752708,29.0,0.7578125,301.18600710596746,215.28721739393228,301.18600710596746,3.397909604511009,0.0,1631,12.0,1.53125,65.594970703125,0.7265625,0.5354851536673655,51.464523737382,-0.00012789955342283594,866,1.3515625,8.12007874015748,7.8125,2773.4375,7.8125,69,34,34,4,6,54,15,0.0,0,0,0,0,0,2432,1732.4766,1797.265625,
p04,1,1,main_p_far_vs_p_pre,rr_count,200.0,710.64453125,710.9375,21.11450676489872,7.8125,23.253140976424028,23.31168381127018,0.02959960081264912,9.696922110552764,23.31168381127018,16.442453668316205,19.787709633191362,0.7135174380472821,69,0.02,251.3399191752708,41.0,2.875,301.18600710596746,112.61901217961596,301.18600710596746,21.473036923205456,23.594267057157907,1647,7.0,2.734375,95.96568359375,0.6699999999999999,0.36888698904704675,51.468462360392614,-0.007652829422150943,839,2.046875,9.696922110552764,7.8125,2773.4375,7.8125,64,48,42,4,6,35,11,0.0025,0,0,0,0,0,2400,1711.8906,1797.265625,
p04,1,1,main_p_far_vs_p_pre,time,300.0,715.2116895385839,710.9375,25.58369251541697,7.8125,28.526628122847626,28.560588285984096,0.03577173483767152,10.082423204933885,28.560588285984096,20.17137219005243,31.825238830554277,0.7527190568342357,85,0.03338447550858052,251.3399191752708,80.5,13.4609375,301.18600710596746,284.2527086631446,301.18600710596746,79.03328035715946,18.08070533439285,2164,22.0,2.734375,255.89545366988034,0.8541233838704693,0.5564123132715051,51.468462360392586,-0.0011502331427957835,953,2.0546875,10.082423204933885,7.8125,2773.4375,7.8125,55,48,63,4,6,19,15,0.003579993148338472,0,0,0,0,0,2526,1799.6953,1797.265625,
p05,2,0,main_p_far_vs_p_pre,full_record,1800.0,596.1988485752154,593.75,11.838313098851954,7.8125,14.069633682072642,14.071965749378089,0.01985631660836469,11.308315379516076,14.071965749378089,9.948733385404218,13.46528937969931,0.7388428948584824,4,0.0013253810470510272,3.3438346379568893,508.0,303.515625,66.72394330206272,44.42901486286493,66.72394330206272,0.0,1.201870661394925,1460,47.0,28.734375,870.4503189198144,0.48376408217362493,-0.006833208026006593,1.8329765057193446,-0.0005230377022337939,333,26.3125,11.308315379516076,7.8125,46.875,7.8125,15,23,11,4,4,3,0,0.0,0,0,0,0,0,3018,1799.3281,,2921.090378125035
p05,2,0,main_p_far_vs_p_pre,rr_count,50.0,596.71875,593.75,10.498166051804795,7.8125,13.462411022537314,13.595715366326449,0.017626137360456977,11.080994897959183,13.595715366326449,9.519362125156658,11.262278316022972,0.8934183444993568,4,0.0,3.3438346379568893,-1.0,5.4765625,30.219880680132,23.374409758211304,30.219880680132,0.7924023447318038,0.25902994849328165,455,-1.0,6.0859375,0.0,0.0,0.12608164905751668,1.828921606956818,-0.0027751924627976527,272,1.84375,11.080994897959183,7.8125,46.875,7.8125,5,16,8,4,4,21,0,0.0,0,0,0,0,0,3000,1788.5781,,915.8112804802877
p05,2,0,main_p_far_vs_p_pre,rr_count,100.0,596.640625,593.75,11.124519161447918,7.8125,13.802234394724145,13.872248479232073,0.018685583066399523,11.284722222222221,13.872248479232073,9.759653536035646,11.940418519796392,0.8494590108891853,4,0.0,3.3438346379568893,-1.0,5.4765625,30.219880680132,24.27634337201813,30.219880680132,0.0,0.25902994849328165,802,34.0,6.0859375,12.4896875,0.21000000000000002,0.019702602425561683,1.828921606956818,-0.0026687406298350636,303,3.6484375,11.284722222222221,7.8125,46.875,7.8125,8,16,8,4,4,21,0,0.0,0,0,0,0,0,3000,1788.5781,,1614.2431800993202
p05,2,0,main_p_far_vs_p_pre,rr_count,128.0,596.49658203125,593.75,10.980196198590072,7.8125,13.968545496486081,14.023866685246103,0.018295488103091603,11.318897637795276,14.023866685246103,9.877253243878117,12.121919699140943,0.806033681640808,4,0.0,3.3438346379568893,-1.0,26.2109375,32.785171508799806,33.46652784726243,33.46652784726243,3.7888975784001584,0.0,769,31.0,4.90625,16.1795654296875,0.2109375,0.23306087238821682,1.7730529929214822,0.0074874416444577156,309,1.859375,11.318897637795276,7.8125,46.875,7.8125,7,16,8,4,4,18,0,0.0,0,0,0,0,0,2944,1755.7109,,1576.7971822695868
p05,2,0,main_p_far_vs_p_pre,rr_count,200.0,596.40625,593.75,11.225895449504955,7.8125,13.756440502825901,13.79107907691299,0.018822565071216064,11.031721105527637,13.79107907691299,9.727272364537473,12.420740393728224,0.8269364600090454,4,0.0,3.3438346379568893,-1.0,10.890625,48.272020463704614,32.53444452689511,48.272020463704614,0.0,0.25902994849328165,1143,59.0,8.140625,46.72109375,0.395,0.04825719657625288,1.832976505719286,0.00332944493136619,325,5.828125,11.031721105527637,7.8125,46.875,7.8125,7,16,21,4,4,18,0,0.0,0,0,0,0,0,3000,1788.5781,,2300.598447448283
p05,2,0,main_p_far_vs_p_pre,time,300.0,595.7054825067453,593.75,11.56666062239083,7.8125,13.946341360698597,13.960189850099546,0.019420542057390834,11.195029106117264,13.960189850099546,9.861552548892398,12.797738319793988,0.755529876118194,4,0.001984126984126984,3.3438346379568893,19.0,3.6640625,47.6622180131114,44.42901486286493,47.6622180131114,0.3962011723659019,1.6008192314954304,1261,52.5,6.0859375,85.56756762014442,0.28527556440903057,-0.16178277922900142,1.8262458069351326,0.00018225567248406625,329,3.6640625,11.195029106117264,7.8125,46.875,7.8125,12,23,11,4,4,13,0,0.0,0,0,0,0,0,3018,1799.3281,,2522.941758092924
p06,2,1,main_p_far_vs_p_pre,full_record,1800.0,579.5289855072464,578.125,39.80886356418857,15.625,62.813669790470854,62.82373549473806,0.06869175582191964,16.750060405927837,62.82373549473806,44.41597186005452,34.59353523812225,1.2839385033741186,1871,0.6025764895330112,68.88730485196015,217.0,120.25,9350.884483231403,287.75989370110244,9350.884483231403,9320.419221609014,29.46526162238755,3031,35.0,19.609375,1756.5523550724638,0.9761674718196457,8.169105522834776,17.70269730914036,0.0013488326210439499,2890,14.7265625,16.750060405927837,7.8125,828.125,7.8125,46,134,217,4,4,3,44,0.014170692431561997,11,11,0,0,0,3105,1799.4375,1780.390625,
p06,2,1,main_p_far_vs_p_pre,rr_count,50.0,577.265625,578.125,9.77393522884869,7.8125,13.205535230133071,13.342383809843227,0.01660350183829564,10.52295918367347,13.342383809843227,9.337723510424949,9.895331305942872,0.9918834717545914,1866,0.63,68.88730485196015,0.0,0.5078125,296.7327689223513,247.50273117272243,296.7327689223513,134.59608278919222,0.0,2787,2.0,0.6171875,27.4425,0.96,3.6245973406681835,15.93200805430591,0.007112940511190593,2811,0.5078125,10.52295918367347,7.8125,828.125,7.8125,12,19,7,4,4,120,32,0.0,9,9,0,0,0,3100,1796.4844,1780.390625,
p06,2,1,main_p_far_vs_p_pre,rr_count,100.0,577.265625,578.125,10.154125166227475,7.8125,13.18551166254197,13.251664506763072,0.017323019370976665,10.732323232323232,13.251664506763072,9.323564709997735,10.427905868474634,0.9422334081114005,1866,0.6,68.88730485196015,0.0,0.578125,588.8462590374897,287.75989370110244,588.8462590374897,269.1921655783845,0.0,2914,2.0,0.6171875,55.95953125,0.98,3.575642743180389,15.932386119354,0.010474630603122573,2851,0.59375,10.732323232323232,7.8125,828.125,7.8125,41,24,34,4,4,65,38,0.0,8,8,0,0,0,3100,1796.4844,1780.390625,
p06,2,1,main_p_far_vs_p_pre,rr_count,128.0,575.37841796875,576.171875,10.466959419936526,7.8125,13.107303113859949,13.158566209079153,0.017690972366891246,10.734498031496063,13.158566209079153,9.26826291487792,10.739071209275266,0.8630930100761914,1839,0.52734375,19.80284824652003,0.0,0.578125,757.6034057660469,264.034012134915,757.6034057660469,328.0104766952828,0.0,2947,1.5,1.046875,72.6910400390625,0.98828125,3.7263040580078646,10.13265915125658,0.00729917787718208,2831,0.59375,10.734498031496063,7.8125,304.6875,7.8125,19,27,34,4,4,55,16,0.0,0,0,0,0,0,3072,1779.5547,1780.390625,
p06,2,1,main_p_far_vs_p_pre,rr_count,200.0,574.296875,570.3125,10.880707723550277,7.8125,12.869461412984675,12.901919122574538,0.01822085116839222,10.285804020100503,12.901919122574538,9.100083435340071,11.059780606123724,0.8382967565070754,1767,0.48,19.80284824652003,0.0,0.578125,1116.7180378197772,287.75989370110244,1116.7180378197772,468.1712932871388,0.0,2865,3.0,0.6171875,113.136484375,0.985,3.511609408187788,10.176175541872247,0.0042972558638108066,2765,0.59375,10.285804020100503,7.8125,304.6875,7.8125,25,28,34,4,4,36,16,0.0,0,0,0,0,0,3000,1736.0547,1780.390625,
p06,2,1,main_p_far_vs_p_pre,time,300.0,580.2546679784698,578.125,14.080090726705249,7.8125,13.854453842633085,13.86789954666747,0.024442745600116958,11.148992791579932,13.86789954666747,9.796578261761876,17.790430985727852,0.6756413112485622,1871,0.6472463158369239,68.88730485196015,1.0,0.5859375,2660.5855979193852,287.75989370110244,2660.5855979193852,1569.4456288689394,0.0,3018,2.5,1.171875,298.18695917483274,0.9951759082217972,3.74798600989173,17.70269730914036,0.0033792859881689886,2884,0.59375,11.148992791579932,7.8125,828.125,7.8125,53,63,111,4,4,18,44,0.0,10,10,0,0,0,3105,1799.4375,1780.390625,
p07,3,0,main_p_far_vs_p_pre,full_record,1800.0,848.2548031588873,843.75,31.476643526496538,7.8125,43.62241335522328,43.63269969644732,0.03710753350205389,21.94870283018868,43.63269969644732,30.845704295200996,32.095181911328865,0.9610696203691922,23,0.010843941537010843,40.049043329597495,327.0,278.609375,40.72543842359237,42.427840755953014,42.427840755953014,0.0,18.629384336918942,433,359.0,306.1953125,367.2943297677982,0.20414898632720416,-0.40083456313928956,7.9481877065138935,-0.0004139217766288066,163,271.84375,21.94870283018868,15.625,765.625,7.8125,73,34,7,5,4,3,3,0.0014144271570014145,0,0,0,0,0,2121,1799.1484,,866.4099081543245
p07,3,0,main_p_far_vs_p_pre,rr_count,50.0,847.421875,843.75,20.204480644871467,7.8125,30.62526840108498,30.927083527346614,0.023777833627757778,20.886479591836736,30.927083527346614,21.655334962065282,19.229408285315735,1.1125669515432628,23,0.0,40.049043329597495,-1.0,1.59375,40.72543842359237,42.427840755953014,42.427840755953014,0.0,0.1527862672145076,128,-1.0,6.296875,0.0,0.0,-0.18330797750872863,7.947957401803974,-0.0016525558338698356,123,1.59375,20.886479591836736,15.625,765.625,7.8125,48,17,12,5,4,22,3,0.0,0,0,0,0,0,2100,1781.5,,258.65843390401346
p07,3,0,main_p_far_vs_p_pre,rr_count,100.0,848.4375,843.75,22.37586649576363,7.8125,34.85022177407226,35.02614090041533,0.02631729221223693,20.359848484848484,35.02614090041533,24.642828142301568,19.620534560007652,1.1358021245483902,23,0.0,40.049043329597495,-1.0,2.6015625,40.72543842359237,42.427840755953014,42.427840755953014,0.0,0.22258630742848018,261,-1.0,35.875,0.0,0.0,-0.19133560276274691,7.948187710223826,-0.003959517029285648,151,6.640625,20.359848484848484,7.8125,765.625,7.8125,62,17,12,5,4,25,3,0.0,0,0,0,0,0,2100,1781.5,,527.4207128824025
p07,3,0,main_p_far_vs_p_pre,rr_count,128.0,848.297119140625,843.75,21.766691213879284,7.8125,31.506610422347826,31.630528774505358,0.02555437481117516,19.100639763779526,31.630528774505358,22.278537881844898,22.156294046739482,1.0857553447933093,20,0.0078125,40.049043329597495,23.0,1.78125,40.72543842359237,42.427840755953014,42.427840755953014,0.0,0.17353282396464131,255,25.0,9.6015625,5.10205078125,0.046875,-0.3122573479506464,7.948187706569595,-0.0019138169949084773,133,5.2421875,19.100639763779526,7.8125,765.625,7.8125,73,26,14,5,4,22,3,0.0,0,0,0,0,0,2048,1738.1172,,528.1577099634019
p07,3,0,main_p_far_vs_p_pre,rr_count,200.0,848.125,843.75,20.32216911921697,7.8125,29.838960996673556,29.914151735313812,0.02397538876971824,19.57050879396985,29.914151735313812,21.09933166430877,21.70170287195952,0.9983761161379288,20,0.01,40.049043329597495,54.0,2.6015625,40.72543842359237,42.427840755953014,42.427840755953014,0.0,0.0,319,52.0,40.5078125,21.2025,0.125,-0.0986718455142763,7.9481877065138935,-0.00044335721071188654,136,18.1171875,19.57050879396985,11.71875,765.625,7.8125,71,17,14,5,4,18,3,0.0,0,0,0,0,0,2000,1697.5781,,676.493175777892
p07,3,0,main_p_far_vs_p_pre,time,300.0,847.7288297226864,843.75,24.692212639969114,7.8125,38.232282511425204,38.28641762387139,0.02921641020911287,21.21069610772333,38.28641762387139,27.034306224068608,22.49800269287765,1.0827598360706294,23,0.009919106317411403,40.049043329597495,114.0,10.6640625,40.72543842359237,42.427840755953014,42.427840755953014,1.3724609429940187,1.9183559867152065,401,22.5,10.6640625,59.35592909505053,0.19754913662767565,-0.40224206665632656,7.9481877065138935,-0.00022117414918127658,157,6.9765625,21.21069610772333,11.71875,765.625,7.8125,63,26,16,5,4,15,3,0.0014044943820224719,0,0,0,0,0,2121,1799.1484,,802.3796147110488
p08,3,1,main_p_far_vs_p_pre,full_record,1800.0,731.4532520325204,765.625,151.66373189193678,39.0625,160.98227860586783,161.01501572841224,0.20734576197522164,97.23846075640505,161.01501572841224,113.83166085307121,181.78594040851988,0.6261851747019715,742,0.3016260162601626,16.393632466654392,96.0,74.4140625,215.16100416847016,1556.164857355,1556.164857355,9.482724212545692,1544.6821331424544,1715,629.0,480.5078125,1254.4423272357724,0.6971544715447154,-5.046706433532657,10.775759275852165,-0.004656374086153237,959,74.4140625,97.23846075640505,39.0625,781.25,31.25,219,31,28,6,6,4,516,0.2097560975609756,8,8,40,21,39,2460,1799.375,1319.4921875,
p08,3,1,main_p_far_vs_p_pre,rr_count,50.0,760.46875,765.625,72.32969529473058,19.53125,110.82313917237866,111.9715961588213,0.09446000280882327,52.455357142857146,111.9715961588213,78.36379322116946,80.34164036971065,0.9615397944739242,732,0.08,16.393632466654392,0.0,0.359375,215.16100416847016,289.1179363052702,289.1179363052702,1.553047116578306,2.864693241079739,1190,1.0,0.359375,19.01953125,0.5,0.05846122748113035,10.723292265601755,0.0032398346671454518,919,0.359375,52.455357142857146,31.25,781.25,15.625,88,13,14,6,6,72,467,0.06,19,19,18,9,13,2450,1794.4766,1319.49215,
p08,3,1,main_p_far_vs_p_pre,rr_count,100.0,757.6171875,769.53125,98.83781879309652,21.484375,129.61199304528037,130.25977495478196,0.1282607889320092,80.92645202020202,130.25977495478196,91.64951920542137,105.49976940241007,0.919766011533456,687,0.18,16.393632466654392,1.0,0.453125,215.16100416847016,433.6110385252816,433.6110385252816,1.8535419157766138,4.746545612201707,1264,2.0,0.453125,52.208242187500005,0.71,-0.09524920948954957,10.691856490455933,-0.004821425856280517,887,0.453125,80.92645202020202,35.15625,781.25,23.4375,86,24,22,5,6,43,450,0.1,10,10,28,12,25,2400,1766.7578,1319.49215,
p08,3,1,main_p_far_vs_p_pre,rr_count,128.0,758.48388671875,769.53125,78.04489233888359,23.4375,95.67817020583644,96.05709513509998,0.10140265789692852,55.24114173228347,96.05709513509998,67.65468296406763,87.35173540249014,0.9269606718872982,715,0.1015625,16.393632466654392,0.0,0.484375,215.16100416847016,611.5933837758342,611.5933837758342,2.6917310414692133,17.17618382236507,1346,1.0,0.5078125,61.499267578125,0.6640625,-0.09114490012952337,10.691857385636917,0.0004936480742999509,931,0.484375,55.24114173228347,31.25,781.25,15.625,90,29,22,6,6,40,466,0.0703125,8,8,32,13,22,2432,1784.4375,1319.4922000000001,
p08,3,1,main_p_far_vs_p_pre,rr_count,200.0,759.00390625,769.53125,98.80762497796974,27.34375,128.26042186642505,128.58018308140043,0.12926626139454916,80.69645100502512,128.58018308140043,90.69381405959649,106.2578458140585,0.9488835750471816,687,0.1775,16.393632466654392,4.5,0.453125,215.16100416847016,764.0813046890394,764.0813046890394,1.4724560645392542,0.0,1348,3.5,0.453125,83.9139453125,0.5525,-0.006449925241299233,10.691857385642383,-0.0005482223650041544,900,0.453125,80.69645100502512,39.0625,781.25,27.34375,94,24,17,5,6,27,450,0.10500000000000001,10,10,26,12,25,2400,1766.7578,1319.49215,
p08,3,1,main_p_far_vs_p_pre,time,300.0,759.8919763622052,769.53125,120.543028679705,31.25,158.66637543939808,158.86237387090605,0.1583054607295878,98.09818850752919,158.86237387090605,112.19407001948905,125.42817747566204,0.9179707081874655,742,0.25396861276156035,16.393632466654392,64.5,0.96875,215.16100416847016,1438.4823785345893,1438.4823785345893,1.3980683458202505,66.0317320049241,1536,47.5,4.359375,233.78365752551022,0.7801020408163266,-0.21866191855255152,10.775759275852165,-0.0016144570741145566,960,0.96875,98.09818850752919,39.0625,781.25,31.25,123,25,17,6,6,18,488,0.1434932833893051,10,10,30,19,26,2460,1799.375,1319.3984375,
p09,4,0,main_p_far_vs_p_pre,full_record,1800.0,914.4477630910015,921.875,55.824178114339084,31.25,47.42610609490064,47.43816627657992,0.06104687481069788,19.36832400813835,47.43816627657992,33.53532122497689,71.47069297705545,0.4692177986261149,11,0.005592272496187087,9.829051674636123,167.0,147.984375,722.0438155807333,75.60475056412605,722.0438155807333,715.399639085081,0.0,1569,113.0,100.828125,1434.7685402897814,0.7976614133197764,-0.009540024936750746,1.9075849337453334,0.00027127162977423413,1017,147.984375,19.36832400813835,15.625,765.625,7.8125,32,79,260,5,5,3,9,0.004575495678698526,3,3,0,0,0,1967,1798.7188,,3140.2351495964795
p09,4,0,main_p_far_vs_p_pre,rr_count,50.0,926.25,929.6875,25.623988904890652,15.625,19.996063467822452,20.202639854740273,0.027739094890274048,16.741071428571427,20.202639854740273,14.139352075133846,33.31879798412817,0.5669429248607532,11,0.0,9.829051674636123,-1.0,1.1640625,57.97106825080784,40.96781901222917,57.97106825080784,18.670448200441975,0.0,1002,11.0,4.125,31.25203125,0.68,0.9709655707582188,1.9015335686665042,-0.003130901124242083,850,2.15625,16.741071428571427,15.625,765.625,7.8125,33,21,23,4,5,63,8,0.0,2,2,0,0,0,1950,1783.7812,,2022.2211109748216
p09,4,0,main_p_far_vs_p_pre,rr_count,100.0,923.125,925.78125,29.164552818421285,19.53125,23.146339628426013,23.241272106353662,0.03033530603573805,17.597853535353536,23.241272106353662,16.366933710906945,37.248770455014395,0.5114257628791437,11,0.0,9.829051674636123,-1.0,9.9765625,93.23016344134757,55.74388369344828,93.23016344134757,32.88756834985097,0.0,1126,15.0,6.8046875,76.30484374999999,0.83,0.9250007683351642,1.9015335686665042,0.00032718706969470275,883,3.8984375,17.597853535353536,15.625,765.625,7.8125,31,31,33,5,5,36,7,0.0,2,2,0,0,0,1900,1736.8828,,2333.8362266008967
p09,4,0,main_p_far_vs_p_pre,rr_count,128.0,927.978515625,929.6875,35.12542521340453,19.53125,32.39030501563555,32.51711775079624,0.038753910104944805,19.131397637795274,32.51711775079624,22.903404321256538,41.89416649157281,0.552864533914726,11,0.0,9.829051674636123,-1.0,17.421875,101.27191062993519,65.32029699675712,101.27191062993519,50.94930365326282,0.0,1178,23.0,8.609375,98.42333984375,0.8046875,0.8181100936855276,1.907584932070772,-0.000949240294148796,936,4.8359375,19.131397637795274,15.625,765.625,7.8125,28,40,40,5,5,30,7,0.0,2,2,0,0,0,1920,1755.5234,,2415.6898164957524
p09,4,0,main_p_far_vs_p_pre,rr_count,200.0,926.5234375,929.6875,35.82278364238948,23.4375,27.674052680081928,27.743597384255917,0.03755377810176784,17.391645728643216,27.743597384255917,19.56851031299968,41.764290341238734,0.5353878421401977,9,0.005,9.829051674636123,22.0,21.0,156.28902933694687,55.74388369344828,156.28902933694687,76.3517908209053,0.0,1239,17.0,6.8046875,135.272421875,0.765,0.9250007685701672,1.9015335686665042,-0.0019499889793801427,844,4.875,17.391645728643216,15.625,765.625,7.8125,24,46,83,5,5,19,6,0.0,2,2,0,0,0,1800,1642.3594,,2715.8489183305433
p09,4,0,main_p_far_vs_p_pre,time,300.0,931.6163625776397,933.59375,37.162001985542176,19.53125,46.585824647016736,46.65721256891178,0.040419421244168766,18.351734284365307,46.65721256891178,32.94115251507293,43.612132155805156,0.6818092937770188,11,0.005809933383927818,9.829051674636123,56.0,8.5234375,220.4282311286024,75.60475056412605,220.4282311286024,146.77849902044954,0.0,1430,14.5,5.9453125,258.05484429018225,0.861508262041486,0.8613190579235477,1.9075849337453334,0.002941000225845214,988,3.9765625,18.351734284365307,15.625,765.625,7.8125,31,40,83,5,5,14,7,0.004397185801087304,2,2,0,0,0,1967,1798.7188,,2862.037134431463
p10,4,1,main_p_far_vs_p_pre,full_record,1800.0,879.6852089442815,882.8125,54.50276600186675,23.4375,62.15570280634638,62.17089363217825,0.06195712448919772,20.866442542787286,62.17089363217825,43.950718943783244,63.32011771967151,0.6941035570773928,16,0.007820136852394917,9.323217550687202,43.0,35.671875,586.8520126593689,9.055631885096277,586.8520126593689,586.8520126593689,0.0,1578,66.0,55.390625,1388.1432597140763,0.7712609970674487,1.0540613437921922,2.215432544039629,0.00022326369472332227,810,55.390625,20.866442542787286,7.8125,953.125,7.8125,79,100,158,5,5,3,19,0.009286412512218964,0,0,0,0,0,2046,1799.8359,1744.609375,
p10,4,1,main_p_far_vs_p_pre,rr_count,50.0,884.21875,882.8125,25.215556995667136,7.8125,34.121659156010324,34.474521241519014,0.028243005970489895,17.059948979591837,34.474521241519014,24.127656574550947,25.77733968738285,0.8775668582185181,16,0.0,9.323217550687202,-1.0,3.71875,33.24801257018264,9.055631885096277,33.24801257018264,13.347671064347473,0.0,809,13.0,4.1953125,17.7284375,0.4,0.8549437969150189,2.1308958565406453,0.0013650194472312194,612,3.71875,17.059948979591837,7.8125,953.125,7.8125,74,13,17,5,5,25,18,0.0,0,0,0,0,0,2000,1758.0391,1744.6094,
p10,4,1,main_p_far_vs_p_pre,rr_count,100.0,882.6171875,886.71875,32.80021930011552,7.8125,35.68234215865562,35.86371915124154,0.037051311267851154,17.992424242424242,35.86371915124154,25.23122610900402,35.065600533879646,0.8979787955153347,16,0.0,9.323217550687202,-1.0,6.7890625,62.430154763690965,9.055631885096277,62.430154763690965,24.748096387260723,0.0,1153,17.0,10.953125,63.388632812500006,0.71,0.8706387258009123,2.1308958565406453,-0.000545714854999759,690,6.4375,17.992424242424242,7.8125,953.125,7.8125,73,28,21,5,5,21,18,0.0,0,0,0,0,0,2000,1758.0391,1744.609375,
p10,4,1,main_p_far_vs_p_pre,rr_count,128.0,878.72314453125,875.0,37.44738634982186,7.8125,52.044358777026076,52.25032985829454,0.041154948883517666,20.3001968503937,52.25032985829454,36.800919013740746,36.75834985999229,0.9737078191865413,16,0.0078125,9.323217550687202,11.0,11.21875,71.18488671523545,9.055631885096277,71.18488671523545,26.01837013957024,0.0,1185,23.0,11.21875,91.47662353515625,0.8046875,0.8259500139142463,2.2154299670326294,-0.0006948747450618521,627,8.1640625,20.3001968503937,7.8125,953.125,7.8125,74,40,21,5,5,18,17,0.0078125,0,0,0,0,0,1920,1684.7656,1744.609375,
p10,4,1,main_p_far_vs_p_pre,rr_count,200.0,884.4140625,882.8125,36.495261839059,7.8125,50.332149719279144,50.459083067162894,0.042020236218112884,18.47126256281407,50.459083067162894,35.59020437819886,39.28152772463069,0.9231450664854279,16,0.005,9.323217550687202,27.0,22.96875,116.99373423338156,9.055631885096277,116.99373423338156,53.53080096268171,0.0,1329,24.5,10.953125,147.25896484375,0.8325,0.7777864628910267,2.2154325440265477,0.00027521526441860104,736,6.4375,18.47126256281407,7.8125,953.125,7.8125,76,40,48,5,5,14,17,0.0075,0,0,0,0,0,2000,1758.0391,1744.609375,
p10,4,1,main_p_far_vs_p_pre,time,300.0,887.3893523260497,886.71875,35.54563202583607,7.8125,48.27262894263352,48.34565637467485,0.04042965616348891,17.93786567722738,48.34565637467485,34.13390327103816,35.73972647983648,0.9715799305785335,16,0.003016653016653017,9.323217550687202,97.0,28.21875,180.8111143847987,9.055631885096277,180.8111143847987,101.35739904236789,0.0,1493,25.0,16.140625,277.77440219615596,0.9262352488006443,0.8729405871482545,2.215432544039629,0.0004984126335669894,784,9.9453125,17.93786567722738,7.8125,953.125,7.8125,77,58,40,5,5,10,18,0.00450916349119942,0,0,0,0,0,2046,1799.8359,1744.609375,
p11,5,0,main_p_far_vs_p_pre,full_record,1800.0,885.3384904035433,906.25,86.24495545916386,31.25,105.34818905584535,105.37413116211435,0.09741466839406566,52.921898079763665,105.37413116211435,74.49241886711067,96.57776253171976,0.7713206116433332,48,0.023622047244094488,6.3853856935804085,9.0,8.828125,13.282259889620933,196.04905302416387,196.04905302416387,0.0,0.0,625,879.0,785.0625,553.3365565022145,0.3075787401574803,0.15441967100409731,2.81566209141754,-0.0003528703414284765,175,135.5078125,52.921898079763665,23.4375,562.5,15.625,154,25,84,5,6,4,58,0.028543307086614175,0,0,0,0,3,2032,1799.0078,,1250.6894077946743
p11,5,0,main_p_far_vs_p_pre,rr_count,50.0,899.84375,910.15625,69.43426898942168,23.4375,97.76598330780561,98.7756947985828,0.07683064881327174,52.774234693877546,98.7756947985828,69.13098976632016,67.32254663114256,1.0070343202606793,47,0.02,6.3853856935804085,4.0,2.28125,6.645865046143562,87.07417763168584,87.07417763168584,0.962325310942717,0.0,164,-1.0,4.5,0.0,0.0,0.1731508548368138,2.8151826217827547,-0.0012186359983350728,165,2.28125,52.774234693877546,23.4375,562.5,15.625,146,15,20,5,6,21,45,0.02,0,0,0,0,0,2000,1770.4688,,333.47099931950225
p11,5,0,main_p_far_vs_p_pre,rr_count,100.0,893.59375,906.25,73.71706822435388,23.4375,96.81730215461744,97.30909553718114,0.08124373714300122,45.80965909090909,97.30909553718114,68.46017088971692,74.94998279277695,1.0070828866639414,47,0.02,6.3853856935804085,15.0,3.921875,11.497962564751779,137.19344557526645,137.19344557526645,1.5133071235716753,0.0,273,-1.0,4.5,0.0,0.0,0.26064410398602633,2.8156620838214645,-0.0005819968522286637,171,3.0,45.80965909090909,23.4375,562.5,15.625,146,49,47,5,6,19,47,0.02,1,1,0,0,0,2000,1770.4688,,555.1072122818543
p11,5,0,main_p_far_vs_p_pre,rr_count,128.0,892.2119140625,906.25,84.70744767172661,23.4375,95.68821568543846,96.06718039893534,0.09618446790479264,52.04232283464567,96.06718039893534,67.6617861908145,80.6806536613756,0.9458469390681488,46,0.0234375,6.3853856935804085,9.0,2.140625,11.497962564751779,112.62178620036559,112.62178620036559,0.5656559092604425,0.0,261,-1.0,5.296875,0.0,0.0,0.3223474426775536,2.815634353130343,0.004057807806458796,173,2.140625,52.04232283464567,23.4375,562.5,15.625,142,42,45,5,6,19,45,0.0234375,0,0,0,0,0,1920,1698.2578,,553.2728894282128
p11,5,0,main_p_far_vs_p_pre,rr_count,200.0,894.43359375,906.25,79.94254508969667,23.4375,106.43937835825032,106.70751911958948,0.09113335360849949,54.785646984924625,106.70751911958948,75.26400622239944,79.46146402244587,0.9566386900214829,47,0.0275,6.3853856935804085,19.0,3.921875,11.497962564751779,183.8763682728941,183.8763682728941,1.7489189536581602,0.0,288,-1.0,14.75,0.0,0.0,0.2606441040013976,2.81566209141754,0.0037512379827856117,175,3.921875,54.785646984924625,23.4375,562.5,15.625,148,54,49,5,6,14,44,0.0225,0,0,0,0,0,2000,1770.4688,,585.6076085610772
p11,5,0,main_p_far_vs_p_pre,time,300.0,893.2779780675336,902.34375,80.4510269970752,23.4375,102.01948819080363,102.17121740605873,0.08950798250517668,52.361618035446156,102.17121740605873,72.13867191289815,81.61715950389629,0.9875424983201948,48,0.023980922839699857,6.3853856935804085,32.5,8.828125,12.874467717306995,196.04905302416387,196.04905302416387,1.3026658767656016,0.0,339,-1.0,18.8515625,0.0,0.0,0.2583220913222196,2.81566209141754,0.00046482729575897397,175,13.1640625,52.361618035446156,23.4375,562.5,15.625,156,73,65,5,6,10,45,0.020740786262356682,0,0,0,0,0,2032,1799.0078,,678.3739347878313
p12,5,1,main_p_far_vs_p_pre,full_record,1800.0,916.5459437086092,953.125,141.91822156740304,39.0625,207.400824195736,207.45368646114588,0.1548402701921968,128.0182849133537,207.45368646114588,146.65452921248388,137.0182917977513,1.0703281093954693,141,0.0718288334182374,8.13630272071596,75.0,70.9140625,8.751578675126483,82.72041575584048,82.72041575584048,0.0,70.88838188194583,1031,308.0,291.9609375,944.9588679635762,0.5252165053489557,-0.9240408542621016,5.685835090555921,-0.0003282398323757665,301,70.9140625,128.0182849133537,46.875,765.625,39.0625,203,26,28,4,6,4,157,0.07997962302598065,0,0,13,11,1,1963,1799.1797,1508.0390625,
p12,5,1,main_p_far_vs_p_pre,rr_count,50.0,926.71875,953.125,118.04100326517684,31.25,177.65529504751152,179.4546898809409,0.1354117979740333,115.43367346938776,179.4546898809409,125.62126384179226,112.25404040413676,1.163476851692609,140,0.04,8.13630272071596,5.0,0.4765625,8.751578675126483,81.2425466018621,81.2425466018621,0.0,1.5841055727460662,300,-1.0,6.640625,0.0,0.0,-0.3417771560699382,5.6858343769874,-0.0028450743417965433,270,0.4765625,115.43367346938776,54.6875,765.625,46.875,95,14,17,4,6,33,152,0.04,1,1,12,9,1,1950,1787.9688,1508.0390375,
p12,5,1,main_p_far_vs_p_pre,rr_count,100.0,920.703125,945.3125,138.3949822625495,39.0625,192.71473167101237,193.69313606865708,0.15108364801370008,113.47853535353535,193.69313606865708,136.26989359911875,125.19781932233558,1.157043962175915,136,0.07,8.13630272071596,16.0,0.578125,8.751578675126483,81.2425466018621,81.2425466018621,0.0,2.452784643034181,359,8.0,7.3515625,5.49890625,0.06,-0.3169440917561072,5.685835090142012,-0.0004076853562133228,252,1.3515625,113.47853535353535,62.5,765.625,54.6875,104,14,22,4,6,27,148,0.09,0,0,12,9,1,1900,1744.3438,1508.0390375,
p12,5,1,main_p_far_vs_p_pre,rr_count,128.0,919.189453125,953.125,140.84947080402384,35.15625,201.97661443967172,202.77648733405627,0.1488248245616617,118.23326771653544,202.77648733405627,142.81903371139262,133.47125591862869,1.1743300252220072,139,0.0703125,8.13630272071596,18.0,0.4609375,8.751578675126483,81.2425466018621,81.2425466018621,0.0,1.7544275124324455,440,32.0,8.359375,24.7093505859375,0.2109375,-0.28968650245126154,5.685835089651273,-0.0006731245541910603,278,0.4609375,118.23326771653544,54.6875,765.625,46.875,130,14,27,4,6,26,150,0.078125,1,1,13,9,1,1920,1761.1016,1508.0390625,
p12,5,1,main_p_far_vs_p_pre,rr_count,200.0,924.8046875,953.125,145.98513386551474,39.0625,186.99632018664963,187.4678351020348,0.15785509723155977,118.83636934673366,187.4678351020348,132.22636606091083,120.63080172032663,1.1464896298516336,124,0.065,8.13630272071596,26.0,0.578125,8.751578675126483,81.2425466018621,81.2425466018621,0.20374629226665253,2.452784643034181,359,32.0,13.703125,26.442109374999998,0.145,-0.31694409185149836,5.685835090555921,-0.0025396088609887344,203,2.4296875,118.83636934673366,46.875,765.625,39.0625,148,14,28,4,6,21,137,0.08,0,0,10,8,1,1800,1656.9219,1508.0390375,
p12,5,1,main_p_far_vs_p_pre,time,300.0,913.8381418424271,947.265625,149.17412340176406,41.015625,212.40053684485804,212.72418255811192,0.1632421491902148,130.19707125520432,212.72418255811192,150.18985993066227,130.92559224035128,1.113694271558404,141,0.08371636147972422,8.13630272071596,8.0,0.46875,8.751578675126483,81.2425466018621,81.2425466018621,0.0,27.195031572987677,447,85.5,25.1640625,69.18993658837408,0.23058773058773058,-0.7629963855485733,5.685835090555921,-0.003985163311194471,295,0.46875,130.19707125520432,58.59375,765.625,50.78125,182,16,28,4,6,16,154,0.08675587515753577,0,0,12,10,1,1963,1799.1797,1508.0390625,
p13,6,0,main_p_far_vs_p_pre,full_record,1800.0,856.2961089957163,867.1875,69.92404409706714,39.0625,74.13568346533283,74.15333879095235,0.08165871987795864,27.139136904761905,74.15333879095235,52.42184450623625,83.84923436943934,0.6251916895897444,38,0.018086625416468348,5.998812629345756,10.0,8.8203125,67.33284823477045,130.53076713174818,130.53076713174818,0.0,110.40819057613407,1324,66.0,55.5625,1133.7360483103284,0.6301761066158972,-0.6757380006669319,2.2692455817189456,-0.0013830246132839246,438,11.9921875,27.139136904761905,15.625,703.125,7.8125,72,91,133,7,9,4,34,0.01618277010947168,9,9,0,1,0,2101,1799.0781,,2649.3569122985823
p13,6,0,main_p_far_vs_p_pre,rr_count,50.0,858.90625,861.328125,37.95551601713049,23.4375,21.950527462799087,22.071115196375153,0.04430588906157337,17.617984693877553,22.071115196375153,15.521366819566776,48.32188607555369,0.42330322197534576,38,0.0,5.998812629345756,-1.0,3.390625,43.993607722499625,35.69347690107877,43.993607722499625,0.09281617121201052,0.0,510,-1.0,3.390625,0.0,0.0,0.14464700286372023,2.2762744578559126,-0.009871163723356814,360,2.859375,17.617984693877553,15.625,703.125,7.8125,70,22,20,7,9,71,34,0.0,10,10,0,1,0,2100,1798.2812,,1020.974917604655
p13,6,0,main_p_far_vs_p_pre,rr_count,100.0,859.0625,859.375,52.94615571714453,23.4375,59.72575490197768,60.02781833520149,0.06118388491858396,22.88510101010101,60.02781833520149,42.2324863026741,55.33014363638715,0.6670648863471579,38,0.01,5.998812629345756,9.0,3.390625,61.629584234566046,67.34100802127378,67.34100802127378,0.46094492507923446,0.0,742,11.0,3.390625,20.04953125,0.23,0.26014375055239647,2.2692455817189456,0.006999665777762094,400,2.859375,22.88510101010101,15.625,703.125,7.8125,75,34,48,7,9,47,35,0.01,11,11,0,1,0,2100,1798.2812,,1485.4184095346156
p13,6,0,main_p_far_vs_p_pre,rr_count,128.0,861.846923828125,863.28125,58.6740027350844,29.296875,64.78054604606332,65.03405754989058,0.06678899639399746,22.668553149606296,65.03405754989058,45.80676339813876,65.95279854910865,0.6552660468353149,37,0.01171875,5.998812629345756,15.5,8.8203125,53.382219801801625,79.68834209242293,79.68834209242293,0.9580076769735106,0.0,765,19.0,8.3125,35.95751953125,0.34375,0.17331491819605654,2.2692455817189456,0.0008070130089702332,410,4.484375,22.668553149606296,15.625,703.125,7.8125,76,42,46,7,8,37,33,0.01171875,10,10,0,1,0,2048,1754.9531,,1569.2727059201754
p13,6,0,main_p_far_vs_p_pre,rr_count,200.0,871.73828125,867.1875,60.38298689747289,27.34375,66.44502239750632,66.61186306163059,0.06925098128459042,24.733040201005025,66.61186306163059,46.98372591336875,66.53246395820312,0.6589163064913646,33,0.0175,5.998812629345756,15.5,8.8203125,61.629584234566046,103.03448492235255,103.03448492235255,4.082921989518271,0.0,914,28.5,9.3671875,78.8101171875,0.4525,0.4952848379464638,2.2692455817189456,0.0013168220878287638,393,5.6328125,24.733040201005025,15.625,703.125,7.8125,66,86,48,7,8,26,28,0.015,8,8,0,1,0,2000,1718.3594,,1914.8497107182584
p13,6,0,main_p_far_vs_p_pre,time,300.0,869.8727515038984,871.09375,59.92890163896705,35.15625,76.15345876048005,76.26560129862347,0.06846197581156149,26.909838959117806,76.26560129862347,53.848627100345524,73.29223501642758,0.8345631193749489,38,0.0186735778841042,5.998812629345756,120.5,8.8203125,67.33284823477045,130.53076713174818,130.53076713174818,34.703540522400345,0.7273580336755187,889,153.5,39.890625,118.12237278761063,0.3938053097345133,-0.247645031756139,2.2692455817189456,0.0011971736055511456,430,11.9921875,26.909838959117806,15.625,703.125,7.8125,73,95,73,7,9,18,36,0.013222584484810847,11,11,0,1,0,2101,1799.0781,,1778.9110989678547
p14,6,1,main_p_far_vs_p_pre,full_record,1800.0,1057.3176777320798,1070.3125,87.37743422643175,31.25,104.15495414751757,104.1855769710154,0.08264066331876166,42.22699882422105,104.1855769710154,73.64867437188359,99.22451706737137,0.7422427092477324,98,0.057579318448883664,13.273070852625967,294.0,309.8828125,69.66441024068232,219.859358340711,219.859358340711,26.58914193670879,0.0,1492,59.0,62.078125,1577.5179751762632,0.8766157461809636,0.7529371727998675,7.775112112225968,0.002458609196037367,559,40.5,42.22699882422105,23.4375,875.0,15.625,56,33,36,8,8,4,28,0.01645123384253819,3,3,0,1,2,1702,1799.5547,1737.921875,
p14,6,1,main_p_far_vs_p_pre,rr_count,50.0,1067.265625,1076.171875,38.24392882689253,23.4375,33.94390799064921,34.28922876272712,0.03596557596524053,27.662627551020407,34.28922876272712,24.001967520160285,48.7840885697925,0.7358059313888855,98,0.0,13.273070852625967,-1.0,0.890625,28.53033855415489,81.19382386457524,81.19382386457524,2.6372131603224833,0.0,687,11.0,2.6640625,20.915859375,0.39,0.3986379441477468,7.781515662495669,-0.004431358939625989,513,1.765625,27.662627551020407,23.4375,875.0,15.625,46,16,21,7,8,70,28,0.0,3,3,0,1,2,1700,1797.3906,1737.921875,
p14,6,1,main_p_far_vs_p_pre,rr_count,100.0,1066.328125,1078.125,61.08705101289487,31.25,36.152668880342944,36.3363068534176,0.05887021931674855,30.06628787878788,36.3363068534176,25.563797323282362,80.52454517298223,0.7024307173015004,98,0.03,13.273070852625967,0.0,0.890625,29.19494810002877,120.09274587563485,120.09274587563485,8.173723076855712,0.0,855,12.0,2.6640625,53.7509375,0.52,0.686936575730285,7.781515662495669,0.0028031331286887807,524,1.765625,30.06628787878788,23.4375,875.0,15.625,50,22,23,8,8,48,26,0.0,2,2,1,1,1,1700,1797.3906,1737.921875,
p14,6,1,main_p_far_vs_p_pre,rr_count,128.0,1065.36865234375,1078.125,61.27985213788924,23.4375,34.57212403918378,34.7023948201773,0.05657983079330388,29.21998031496063,34.7023948201773,24.4461833481293,72.35882568327288,0.6591206407811119,96,0.0078125,13.273070852625967,0.0,0.890625,42.28180963845665,154.4115836883616,154.4115836883616,6.681624652404238,0.0,937,23.0,10.765625,92.3046875,0.6640625,0.30671911290546494,7.7751121121915245,-0.002307161229575713,541,1.8515625,29.21998031496063,23.4375,875.0,15.625,49,22,26,8,8,37,26,0.0,3,3,1,0,1,1664,1759.1016,1737.921875,
p14,6,1,main_p_far_vs_p_pre,rr_count,200.0,1062.34375,1078.125,80.07485119273753,27.34375,68.26830618578308,68.43897444602766,0.0756841495433547,35.66661432160804,68.43897444602766,48.27298224408675,86.96050316937925,0.7071440208877341,95,0.042499999999999996,13.273070852625967,8.0,5.515625,41.02823359583355,173.44440194598897,173.44440194598897,13.328094856294252,4.07835398516268,969,40.0,5.515625,130.142578125,0.6325000000000001,0.4534118479449921,7.781515662495669,-0.00411308347292157,522,2.875,35.66661432160804,23.4375,875.0,15.625,49,25,24,8,8,26,25,0.01,2,2,0,0,2,1600,1689.7656,1737.921875,
p14,6,1,main_p_far_vs_p_pre,time,300.0,1058.5149762752076,1074.21875,77.14945587161104,27.34375,107.16551267677406,107.35259446294293,0.07267579932009266,43.43422269226872,107.35259446294293,75.77746072307986,80.23727076928165,0.8198768316195765,98,0.03740481383691119,13.273070852625967,19.5,10.0546875,46.45478322501002,219.859358340711,219.859358340711,17.087280143568947,0.0,1160,29.5,10.953125,227.51373106820984,0.7600241530377584,0.4469053741987943,7.775112112225968,-0.0030065707905391104,552,8.765625,43.43422269226872,23.4375,875.0,15.625,52,33,24,8,8,21,27,0.010601773250330127,2,2,0,1,2,1702,1799.5547,1737.921875,
p15,7,0,main_p_far_vs_p_pre,full_record,1800.0,586.1996131921824,585.9375,26.786878506773835,15.625,25.890399502170002,25.894617458156763,0.04569583108542909,13.560504235907462,25.894617458156763,18.30727705561322,33.16500153900708,0.5520059160582604,68,0.02214983713355049,19.118304483393242,1329.0,764.859375,1116.5652605557325,54.219787836131744,1116.5652605557325,1116.5652605557325,0.0,1844,20.0,12.5,1080.9520867263843,0.6006514657980456,1.9310292949470556,3.281946084172491,0.0024717147181802686,966,4.7734375,13.560504235907462,7.8125,609.375,7.8125,96,189,78,6,5,4,10,0.003257328990228013,3,3,0,0,1,3070,1799.6328,,3688.752505511124
p15,7,0,main_p_far_vs_p_pre,rr_count,50.0,578.4375,578.125,13.610581445916202,7.8125,12.871163610123656,13.003549327824825,0.023334368446207336,10.363520408163266,13.003549327824825,9.10128707047996,16.400554769502435,0.6008819407446232,68,0.0,19.118304483393242,-1.0,0.4140625,95.80533691120252,24.53099641087465,95.80533691120252,0.0,0.0,981,-1.0,0.4140625,0.0,0.0,0.04170310375940475,4.2021328643560025,0.0026727901973885677,874,0.4140625,10.363520408163266,7.8125,609.375,7.8125,38,6,6,6,5,41,10,0.0,3,3,0,0,1,3050,1787.2969,,1975.944791265514
p15,7,0,main_p_far_vs_p_pre,rr_count,100.0,579.2578125,578.125,14.462998035039199,7.8125,16.985923463680074,17.07218212956127,0.025401103963188877,12.034406565656566,17.07218212956127,12.010861665883867,17.39763165873387,0.7241656946497361,57,0.0,19.118304483393242,-1.0,0.640625,182.85515328699435,36.14118326362953,182.85515328699435,0.0,0.17454127558444044,1125,3.5,1.8984375,7.011210937500001,0.12000000000000001,-0.013892594277698685,3.281958590313412,0.0024488430271596027,858,1.28125,12.034406565656566,7.8125,609.375,7.8125,56,5,12,6,5,26,9,0.0,3,3,0,0,1,3000,1756.0703,,2306.2858018838997
p15,7,0,main_p_far_vs_p_pre,rr_count,128.0,578.4912109375,578.125,15.326953890752439,7.8125,18.380860219035785,18.452725853121233,0.026497500532456256,12.733759842519685,18.452725853121233,12.997230904922253,17.249315275458446,0.7470269882283975,46,0.0,19.118304483393242,-1.0,6.8125,228.45106306469003,39.4412358864677,228.45106306469003,0.0,0.23600422094156248,1138,4.0,3.078125,13.10736083984375,0.1796875,-0.018779966094657388,3.281946084174315,0.0008594072957122319,817,1.8515625,12.733759842519685,7.8125,609.375,7.8125,70,12,6,6,5,20,10,0.0,3,3,0,0,1,2944,1721.1875,,2380.2171465921056
p15,7,0,main_p_far_vs_p_pre,rr_count,200.0,579.2578125,578.125,15.828604353079637,7.8125,20.136278987684125,20.1864502526896,0.02732013696324425,12.876884422110553,20.1864502526896,14.238499420055632,18.47106897964875,0.7455610955852331,57,0.0,19.118304483393242,-1.0,2.5,359.03943378510417,45.08163559774765,359.03943378510417,0.2734043139612793,0.3716982172143445,1294,15.0,2.5,25.8943359375,0.225,-0.132827544096049,3.281946084172492,-0.001851123284921649,871,1.8515625,12.876884422110553,7.8125,609.375,7.8125,66,19,26,6,5,18,10,0.0,3,3,0,0,1,3000,1756.0703,,2652.7411801224584
p15,7,0,main_p_far_vs_p_pre,time,300.0,578.9398502720633,578.125,17.245947505241965,7.8125,20.737092491298363,20.757007570654984,0.02933551145523687,12.74493728094912,20.757007570654984,14.663338722689709,19.34262672126857,0.7600578593460221,68,0.0038557433476016064,19.118304483393242,111.0,40.578125,821.2388286449127,52.844987372229575,821.2388286449127,1.0806928682591628,0.0,1691,57.0,3.6875,169.97515392851963,0.5666735362926155,0.2444546067923499,3.281946084172491,0.0007832678733547854,964,1.859375,12.74493728094912,7.8125,609.375,7.8125,83,23,26,6,5,12,10,0.0009689922480620155,3,3,0,0,1,3070,1799.6328,,3382.69006877403
p16,7,1,main_p_far_vs_p_pre,full_record,1800.0,618.2475953280659,617.1875,41.979119762581576,15.625,61.468957487852926,61.47951977627244,0.06790017475167993,21.88036941580756,61.47951977627244,43.46511667212841,40.43855369273979,1.0748435021288114,273,0.09378220542768807,23.703938131015935,181.0,108.28125,2649.9767804887492,69.08209386275279,2649.9767804887492,2649.9767804887492,0.0,2541,370.0,221.0234375,1570.9671397286156,0.8728959120577121,1.7023351025861335,8.681927832855658,0.00021719802960528468,2163,34.0625,21.88036941580756,7.8125,578.125,7.8125,101,12,86,5,6,4,56,0.019237375472346274,16,16,2,0,2,2911,1799.7188,1578.9765625,
p16,7,1,main_p_far_vs_p_pre,rr_count,50.0,621.171875,625.0,14.512889537438033,7.8125,14.762066990554526,14.903545908299211,0.02360161013340957,11.559311224489797,14.903545908299211,10.438357673351195,17.1112350179432,0.6197632229179211,273,0.04,23.703938131015935,1.0,0.421875,111.24978393340389,69.08209386275279,111.24978393340389,50.19653726601126,0.0,2062,5.0,0.421875,27.13515625,0.88,1.4718273898015568,8.683277592532528,-0.00015748710645889405,1997,0.421875,11.559311224489797,7.8125,578.125,7.8125,79,5,5,5,6,96,57,0.0,17,17,2,0,1,2900,1792.8281,1578.97655,
p16,7,1,main_p_far_vs_p_pre,rr_count,100.0,621.640625,625.0,16.240064403821734,7.8125,19.424423765876906,19.522631962825265,0.02661283118280863,13.731060606060606,19.522631962825265,13.735141765492694,19.046542314754333,0.7206464775589102,273,0.06,23.703938131015935,9.0,0.6484375,191.48171393565664,69.08209386275279,191.48171393565664,102.17666656595885,0.0,2263,5.0,1.96875,58.492968749999996,0.94,1.6016838360746752,8.681927868832833,0.00013940611591947916,2092,0.7265625,13.731060606060606,7.8125,578.125,7.8125,87,5,5,5,6,55,57,0.0,17,17,2,0,2,2900,1792.8281,1578.97655,
p16,7,1,main_p_far_vs_p_pre,rr_count,128.0,622.100830078125,625.0,19.336441238770213,7.8125,25.743169158185104,25.844661438076706,0.031227096670308544,15.16363188976378,25.844661438076706,18.20316948098507,19.700755635646644,0.6948498309438003,261,0.04296875,23.703938131015935,6.0,0.6484375,228.83905358915936,62.04878993865931,228.83905358915936,133.98763372711966,0.0,2288,5.0,3.1484375,75.884765625,0.953125,1.526589028560288,8.681927832856378,0.0003113009027058417,2007,1.28125,15.16363188976378,7.8125,578.125,7.8125,73,6,5,5,6,42,57,0.0,17,17,2,0,2,2816,1740.3203,1578.9765625,
p16,7,1,main_p_far_vs_p_pre,rr_count,200.0,622.6171875,625.0,19.902558540998058,7.8125,29.00187997159843,29.074535724845354,0.032279476724673004,14.682788944723619,29.074535724845354,20.507425995075565,21.113380058666003,0.723496211417737,261,0.052500000000000005,23.703938131015935,14.5,0.65625,374.24047436436865,69.08209386275279,374.24047436436865,215.2498919982744,0.0,2280,5.5,2.015625,120.22582031249999,0.9624999999999999,1.6243109757504797,8.681927832855658,-0.0008383082256739178,2028,0.7265625,14.682788944723619,7.8125,578.125,7.8125,104,6,9,5,6,30,57,0.0025,17,17,2,0,2,2800,1730.3594,1578.9765625,
p16,7,1,main_p_far_vs_p_pre,time,300.0,623.054979253112,625.0,25.578808384988065,7.8125,32.844681609250664,32.87804047380629,0.04090336051282213,15.435853081315948,32.87804047380629,23.224697091814228,26.603853355096362,0.8472131499784775,273,0.05912863070539419,23.703938131015935,36.5,3.171875,722.5184122663159,69.08209386275279,722.5184122663159,530.8586677614352,0.0,2461,6.5,3.171875,295.72230580503384,0.9864380869185412,1.4838946338378436,8.681927832855658,0.0004349660806606045,2150,1.28125,15.435853081315948,7.8125,578.125,7.8125,120,6,12,5,6,15,57,0.009368584273945546,17,17,2,0,2,2911,1799.7188,1578.9765625,
p17,8,0,main_p_far_vs_p_pre,full_record,1800.0,1004.4798646007816,1007.8125,44.40203910822552,15.625,46.40785029829177,46.42080568021155,0.04420401112358044,22.616969273743017,46.42080568021155,32.81530564621225,53.53725683374567,0.6129433517319861,14,0.007816862088218872,24.25353182269478,276.0,277.078125,101.03118516098104,62.68941049360253,101.03118516098104,0.8326116386096032,44.46166257858638,1439,6.0,6.703125,1445.446525160525,0.803461753210497,0.23890412151218635,7.793693221991951,-0.0012544214374954632,452,4.8046875,22.616969273743017,15.625,640.625,7.8125,22,57,69,4,5,3,9,0.005025125628140704,0,0,0,0,0,1791,1799.0234,,2879.56232253566
p17,8,0,main_p_far_vs_p_pre,rr_count,50.0,1007.03125,1007.8125,19.650465247387288,15.625,24.477357365470212,24.730490855089663,0.019325884425237184,19.770408163265305,24.730490855089663,17.30810537865047,21.898902757085473,0.7825592808486097,14,0.0,24.25353182269478,-1.0,9.1484375,52.5960719853249,44.61479224761392,52.5960719853249,2.5797139095827,0.0,564,13.0,6.703125,13.820625000000001,0.28,0.34920152774974866,7.793679754747906,0.0017061736997017968,406,4.8046875,19.770408163265305,15.625,640.625,7.8125,26,18,13,4,5,35,9,0.0,0,0,0,0,0,1750,1758.2969,,1154.7537847561466
p17,8,0,main_p_far_vs_p_pre,rr_count,100.0,1009.0625,1007.8125,22.776343804948418,15.625,25.611985485413864,25.740372082036146,0.02257178698539329,19.96527777777778,25.740372082036146,18.11040861638757,25.875178032740376,0.7589667069207116,14,0.0,24.25353182269478,-1.0,11.6875,65.75689939340982,44.61479224761392,65.75689939340982,13.508463234309096,0.0,736,22.0,6.703125,43.3090625,0.44,0.3492104815004916,7.793693221873063,0.005369474741883255,397,4.8046875,19.96527777777778,15.625,640.625,7.8125,25,30,15,4,5,28,9,0.0,0,0,0,0,0,1700,1709.4531,,1549.969402494868
p17,8,0,main_p_far_vs_p_pre,rr_count,128.0,1011.962890625,1015.625,21.624078822056156,15.625,25.92040336359556,26.018368139884824,0.02125308382846839,20.97687007874016,26.018368139884824,18.328492989489014,24.337200613619355,0.7574972588805553,12,0.0078125,24.25353182269478,20.0,21.1640625,85.92065738091759,41.10549781726131,85.92065738091759,15.110527780063459,0.0,856,20.0,6.703125,79.5654296875,0.625,0.3936976739732828,7.793693221989001,-0.007060072198174776,386,4.8046875,20.97687007874016,15.625,640.625,7.8125,23,18,14,4,5,24,7,0.0,0,0,0,0,0,1664,1675.0312,,1839.7269256835336
p17,8,0,main_p_far_vs_p_pre,rr_count,200.0,1006.9921875,1007.8125,24.157247749332743,15.625,26.060629501375068,26.125937603154384,0.023883744622209442,20.257537688442213,26.125937603154384,18.427647842412505,28.77651342012167,0.6469615187491584,11,0.005,24.25353182269478,34.5,11.6875,67.89047760410475,41.10549781726131,67.89047760410475,26.158596623121852,0.0,762,38.0,6.703125,90.1646484375,0.44999999999999996,0.7601361902195702,7.793693221991951,0.0025894960880536934,361,4.8046875,20.257537688442213,15.625,640.625,7.8125,19,38,16,4,5,21,6,0.0,0,0,0,0,0,1600,1610.5859,,1703.231103662338
p17,8,0,main_p_far_vs_p_pre,time,300.0,1003.8539924749164,1007.8125,38.22133207272156,15.625,39.357639185356355,39.422151980934785,0.03825163156662777,22.57218260626398,39.422151980934785,27.830053559458864,46.33405558881607,0.6524794040862698,14,0.008373219212793513,24.25353182269478,124.0,1.09375,66.8171275454518,62.68941049360253,66.8171275454518,13.531032366126826,0.7011328112940042,1262,19.5,4.234375,215.3567359949833,0.7173913043478262,0.3515525482077068,7.793693221991951,0.0026252063795010553,445,2.15625,22.57218260626398,15.625,640.625,7.8125,27,49,20,4,5,17,9,0.0033222591362126247,0,0,0,0,0,1791,1799.0234,,2525.3701536066733
p18,8,1,main_p_far_vs_p_pre,full_record,1800.0,971.3780710043196,976.5625,100.41224831310419,15.625,136.45056349564348,136.48743645642512,0.10337092354708681,38.62354808211777,136.48743645642512,96.48511874449508,104.1914635824148,0.9260366965492903,115,0.062095032397408205,91.62820080301398,632.0,622.0234375,131.25439303830117,578.946194824376,578.946194824376,7.081913866179378,562.8030250895007,1073,778.0,765.4453125,1042.288670187635,0.5793736501079914,-1.3199975238795978,22.783184513905837,-0.002431426040384904,470,9.6796875,38.62354808211777,23.4375,2367.1875,7.8125,45,15,39,6,5,4,30,0.016198704103671708,1,1,0,0,2,1852,1798.9922,1034.5546875,
p18,8,1,main_p_far_vs_p_pre,rr_count,50.0,980.9375,980.46875,22.02029009846165,15.625,29.124973997097964,29.42282662157158,0.022357648328691953,24.23469387755102,29.42282662157158,20.594466615229834,22.109484860367427,0.9706207173082128,114,0.0,91.62820080301398,-1.0,0.875,131.25439303830117,336.3560110955507,336.3560110955507,0.0,1.1077111243091098,517,-1.0,1.7578125,0.0,0.0,-0.3086273612261969,22.11058819297779,-0.004013788869592982,446,0.875,24.23469387755102,23.4375,2367.1875,7.8125,26,15,18,6,5,38,30,0.0,1,1,0,0,2,1850,1796.8672,1034.55465,
p18,8,1,main_p_far_vs_p_pre,rr_count,100.0,977.5,978.515625,22.48059888814781,15.625,29.21779114802637,29.362499311496357,0.02282440391180092,24.46338383838384,29.362499311496357,20.66009825206173,23.111525489979808,0.935736462705179,103,0.005,91.62820080301398,-0.5,0.875,131.25439303830117,336.3560110955507,336.3560110955507,0.0,4.787927240529703,573,0.0,1.7578125,9.846875,0.1,-0.29187656435026,22.11058819297779,-0.0008866283233369581,412,0.875,24.46338383838384,23.4375,2367.1875,11.71875,20,17,23,6,5,27,24,0.0,1,1,0,0,2,1800,1750.5234,1034.5546875,
p18,8,1,main_p_far_vs_p_pre,rr_count,128.0,981.475830078125,984.375,23.186366396334595,15.625,29.066824448613787,29.181614344809475,0.02358245578736493,24.452509842519685,29.181614344809475,20.553348675173737,24.232231969232416,0.9366281830383387,103,0.0078125,91.62820080301398,8.0,4.7421875,131.25439303830117,529.1743642697098,529.1743642697098,0.0,2.5011445495124507,590,8.0,6.671875,16.1953125,0.12890625,-0.2325906073898702,22.783174090447208,-0.002027298434164789,411,4.7421875,24.452509842519685,23.4375,2367.1875,11.71875,16,17,13,6,5,24,24,0.0,1,1,0,0,2,1792,1742.8828,1034.5546625,
p18,8,1,main_p_far_vs_p_pre,rr_count,200.0,979.0625,976.5625,24.425119198569362,15.625,29.503238340057713,29.575971686737912,0.024935518084358576,24.183417085427134,29.575971686737912,20.86193989721775,27.28755217476142,0.9541042736918712,103,0.02,91.62820080301398,32.0,12.3125,131.25439303830117,529.1743642697098,529.1743642697098,0.35596624691062373,2.9999438937403813,633,15.0,4.71875,29.385937499999997,0.15,-0.2751268125377666,22.783184513904807,-0.0015367648697517443,422,3.7890625,24.183417085427134,23.4375,2367.1875,7.8125,22,38,39,6,5,21,24,0.0,1,1,0,0,2,1800,1750.5234,1034.554725,
p18,8,1,main_p_far_vs_p_pre,time,300.0,973.8864650974026,972.65625,26.165066410530688,17.578125,30.183913391819566,30.233209613063107,0.02693954324203881,24.136212779818866,30.233209613063107,21.343249842103056,30.38890657655907,0.9530493337119321,115,0.025974025974025972,91.62820080301398,11.0,0.921875,131.25439303830117,529.1743642697098,529.1743642697098,0.5128705759350559,62.0165230207011,700,47.0,5.6640625,138.24653160856133,0.4602824360105914,-0.24789872614155942,22.783184513905837,0.0014840216589560619,466,1.859375,24.136212779818866,23.4375,2367.1875,15.625,33,19,39,6,5,15,30,0.0,1,1,0,0,2,1852,1798.9922,1033.6953125,
p19,9,0,main_p_far_vs_p_pre,full_record,1800.0,862.408616970278,859.375,65.6566354961556,23.4375,81.8069707948137,81.82659274309968,0.07613170161357327,34.030275779376495,81.82659274309968,57.84626379734261,72.63193054048838,0.7964302114356775,78,0.037392138063279005,10.420771132991474,50.0,41.7890625,359.17529771870124,13.223035648788104,359.17529771870124,315.9874704344099,0.0,1505,50.0,41.7890625,1297.9249685402685,0.7214765100671141,1.1354589926389982,3.3306254730725957,-0.000681896113104144,437,41.7890625,34.030275779376495,15.625,625.0,7.8125,83,36,34,5,9,4,35,0.016778523489932886,1,1,0,0,0,2086,1798.9844,,3011.6992676534605
p19,9,0,main_p_far_vs_p_pre,rr_count,50.0,857.96875,859.375,62.2053401622934,15.625,84.70386589736731,85.58164961018221,0.07255415851637717,34.91709183673469,85.58164961018221,59.89467796874437,60.78912306047634,0.8001618452385854,77,0.02,10.420771132991474,1.0,0.2265625,84.47550231094738,13.223035648788104,84.47550231094738,5.4429135844937555,0.0,582,0.0,0.2265625,1.625,0.04,0.5652843306158979,3.329822466283237,0.008529823348230324,360,0.2265625,34.91709183673469,15.625,617.1875,7.8125,76,22,18,5,8,73,33,0.02,2,2,0,0,0,2050,1767.1641,,1185.6284314512727
p19,9,0,main_p_far_vs_p_pre,rr_count,100.0,860.546875,863.28125,51.129088772822854,15.625,73.46068240794857,73.83414432698498,0.05912293657273965,31.05271464646465,73.83414432698498,51.944546681251744,50.74648438326586,0.9058653785469161,77,0.02,10.420771132991474,19.0,1.3671875,128.2292803378038,13.223035648788104,128.2292803378038,10.718969354449786,0.0,933,18.5,4.3828125,41.5088671875,0.48,0.4468479713848888,3.329822466283237,0.0010047474644149029,389,1.3671875,31.05271464646465,15.625,625.0,7.8125,76,25,24,5,9,58,34,0.01,2,2,0,0,0,2000,1724.3047,,1947.9155859170367
p19,9,0,main_p_far_vs_p_pre,rr_count,128.0,858.2763671875,859.375,57.843452132241666,17.578125,75.66081885839736,75.95649973022579,0.06712013614213311,31.895915354330707,75.95649973022579,53.50027808489978,61.363171474535534,0.8545003717798263,77,0.0234375,10.420771132991474,20.0,1.0546875,106.02808428009953,13.223035648788104,106.02808428009953,8.56293141243118,0.0,1038,14.5,3.078125,60.431427001953125,0.55078125,0.5156287899155263,3.071454827222941,0.00044323286988880937,410,1.953125,31.895915354330707,15.625,625.0,7.8125,75,25,25,5,9,51,34,0.015625,2,2,0,0,0,2048,1765.4062,,2116.6800025965695
p19,9,0,main_p_far_vs_p_pre,rr_count,200.0,858.8671875,859.375,57.19632930150418,23.4375,77.41422865820934,77.60939170730686,0.06744756496829944,31.03407663316583,77.60939170730686,54.74012604454579,60.76528767205524,0.8685948269231766,77,0.02,10.420771132991474,26.0,13.015625,158.1217580705989,13.223035648788104,158.1217580705989,18.94832197507806,0.0,1102,33.5,5.5859375,103.9369921875,0.605,0.680834295856618,3.329822466283237,0.0028337430203015084,394,3.6953125,31.03407663316583,15.625,625.0,7.8125,71,26,29,5,9,38,33,0.015,2,2,0,0,0,2000,1724.3047,,2300.7534573210874
p19,9,0,main_p_far_vs_p_pre,time,300.0,860.2985714844458,863.28125,59.36981573413232,19.53125,83.18372207293086,83.30346427093247,0.06918685473983152,35.24140634514676,83.30346427093247,58.81977396210651,65.2317126593232,0.919517654020124,78,0.02552717408854587,10.420771132991474,52.0,7.6953125,191.42596885780355,13.223035648788104,191.42596885780355,32.16241792263159,0.0,1128,57.0,10.8671875,183.62579800127216,0.6127044118373598,0.6146276446174215,3.3306254730725957,0.0009064665607614582,430,6.265625,35.24140634514676,15.625,625.0,7.8125,81,26,28,5,9,23,34,0.014327706253284288,2,2,0,0,0,2086,1798.9844,,2257.273603928972
p20,9,1,main_p_far_vs_p_pre,full_record,1800.0,740.3131430041152,750.0,118.0429409350737,46.875,185.38308655871168,185.42125693131698,0.15945001389015936,103.76569575957184,185.42125693131698,131.08563762295773,103.36743886826841,1.2681521285442066,287,0.11810699588477366,8.389352394303181,36.0,28.6796875,19.991525114003124,532.6662212802621,532.6662212802621,0.0,527.3900369926984,1992,348.0,276.1171875,1474.7037808641976,0.8197530864197531,-0.5932942714132667,2.4953249700510325,0.0002652972139370901,759,138.25,103.76569575957184,31.25,851.5625,23.4375,362,101,57,5,8,4,301,0.12386831275720164,28,28,27,24,1,2430,1798.9609,1523.8828125,
p20,9,1,main_p_far_vs_p_pre,rr_count,50.0,738.4375,748.046875,86.72343880887396,27.34375,131.30120669714987,132.60043624428175,0.12478305285612966,71.10969387755102,132.60043624428175,92.84397363353119,76.63788286764209,1.1684019963126087,282,0.1,8.389352394303181,5.0,0.4453125,12.823467931093582,69.04554473681709,69.04554473681709,0.0,8.395675611665933,837,9.5,1.359375,11.081328125,0.30000000000000004,-0.45489145262717007,2.4948518805714097,0.0032138430440009514,685,0.4453125,71.10969387755102,23.4375,851.5625,15.625,152,14,15,5,8,69,293,0.09,29,29,26,21,1,2400,1777.0469,1523.882775,
p20,9,1,main_p_far_vs_p_pre,rr_count,100.0,735.859375,753.90625,91.08496767145675,25.390625,145.5266343305608,146.2671417347088,0.12769385988249327,77.7304292929293,146.2671417347088,102.90286997839455,81.1446527741808,1.1385501888043326,282,0.09,8.389352394303181,8.5,0.4453125,19.991525114003124,93.29213281766174,93.29213281766174,0.0,16.463645849239846,1214,10.0,1.359375,47.0898046875,0.645,-0.5081548577252204,2.4948518805714097,-0.0011178897476607358,727,0.4453125,77.7304292929293,23.4375,851.5625,15.625,172,17,18,5,8,56,284,0.09,23,23,26,21,1,2400,1777.0469,1523.882775,
p20,9,1,main_p_far_vs_p_pre,rr_count,128.0,736.907958984375,753.90625,98.00676725283975,23.4375,155.6363355888007,156.25263668451785,0.13979306504957167,85.75295275590551,156.25263668451785,110.05150829386618,83.41194868618493,1.220529784063978,265,0.1015625,8.062494508810849,6.0,0.4296875,19.991525114003124,107.22876885549465,107.22876885549465,0.0,16.46151614536234,1195,16.5,3.0234375,61.249114990234375,0.66796875,-0.6227000979480719,2.4946557157226534,0.0012061793211624395,667,0.4296875,85.75295275590551,23.4375,851.5625,15.625,170,17,32,5,8,43,265,0.1015625,19,19,25,19,1,2304,1708.2109,1523.8828625,
p20,9,1,main_p_far_vs_p_pre,rr_count,200.0,733.96484375,746.09375,106.10382025006265,35.15625,160.10198037644824,160.5014970538166,0.1467349364392484,89.15672110552764,160.5014970538166,113.2091960055821,90.69521821503443,1.0988785375311716,282,0.10250000000000001,8.389352394303181,12.0,0.4453125,19.991525114003124,173.27261861511244,173.27261861511244,0.0,42.58439742386311,1418,19.0,2.96875,104.72703125000001,0.7175,-0.6390700145207739,2.495324970050751,-0.0014773492458911596,735,0.4453125,89.15672110552764,23.4375,851.5625,15.625,180,29,62,5,8,40,299,0.12,33,33,26,17,1,2400,1777.0469,1523.8828125,
p20,9,1,main_p_far_vs_p_pre,time,300.0,738.3288107104629,746.09375,106.91459659062019,35.15625,159.20987526823689,159.40426911424237,0.14623534374999264,91.6456536443541,159.40426911424237,112.5783824340347,99.977029423743,1.1625911872111678,287,0.09966441355674029,8.389352394303181,27.5,3.21875,19.991525114003124,267.62889698927114,267.62889698927114,0.4260973422282732,59.9381992264927,1705,92.0,4.3984375,232.71304188052235,0.7764541202041202,-0.27214038564130666,2.495324970051032,-5.313891281053039e-05,755,3.21875,91.6456536443541,27.34375,851.5625,19.53125,193,47,61,5,8,22,316,0.1153608149276466,45,45,20,18,1,2430,1798.9609,1523.8828125,
p21,10,0,main_p_far_vs_p_pre,full_record,1800.0,803.6267585975883,812.5,122.06964289143305,31.25,165.129389087683,165.1662558414637,0.15189842994334482,73.03535522788204,165.1662558414637,116.76411079709251,127.15399270588513,0.9182889841860881,57,0.025457793657882984,5.394591256667502,99.0,81.9921875,55.8501149697554,39.92655733291646,55.8501149697554,0.0,0.0,426,100.0,82.3125,342.3449991625726,0.19026351049575704,0.2145555571959328,3.96513637955015,2.3602142754000964e-05,157,63.7890625,73.03535522788204,15.625,929.6875,7.8125,280,95,136,5,7,4,235,0.10495757034390353,52,52,8,2,5,2239,1799.3203,,852.3218461993675
p21,10,0,main_p_far_vs_p_pre,rr_count,50.0,808.515625,810.546875,75.43406780351181,15.625,83.34505225537067,83.8245528004201,0.0945159353244934,31.010841836734695,83.8245528004201,58.933851628119754,61.434851122579964,0.6501774733251521,56,0.0,5.394591256667502,-1.0,0.3203125,55.8501149697554,22.69107492352046,55.8501149697554,0.0,0.0,172,-1.0,0.5390625,0.0,0.0,0.10652888850259261,3.9651270334707367,-0.0002596209261178443,137,0.5390625,31.010841836734695,15.625,929.6875,7.8125,107,22,22,5,7,61,234,0.04,50,50,8,4,4,2200,1768.2031,,350.1860165271738
p21,10,0,main_p_far_vs_p_pre,rr_count,100.0,806.640625,812.5,79.26333769587768,17.578125,105.31244660703564,105.84831954672217,0.10475331022884707,38.431186868686865,105.84831954672217,74.4671451391811,82.20434153789577,1.047773938449673,56,0.01,5.394591256667502,6.0,0.3203125,55.8501149697554,39.92655733291646,55.8501149697554,0.0,0.0,258,-1.0,0.5390625,0.0,0.0,0.13069315098697576,3.9651270334707367,0.0007007906838538932,151,0.5390625,38.431186868686865,15.625,929.6875,7.8125,138,36,22,5,7,46,231,0.04,52,52,8,2,4,2200,1768.2031,,525.2790247907608
p21,10,0,main_p_far_vs_p_pre,rr_count,128.0,806.2744140625,804.6875,89.58427364906225,23.4375,125.48158644659985,125.9620584021016,0.10852918807055871,47.42864173228347,125.9620584021016,88.72888069043672,89.17187791841397,0.9465109367490185,56,0.015625,5.394591256667502,24.0,5.59375,55.8501149697554,39.92655733291646,55.8501149697554,0.0,0.0,243,-1.0,8.6640625,0.0,0.0,0.0812880454104169,3.9651363707144376,0.00020545292430250496,156,5.59375,47.42864173228347,15.625,929.6875,7.8125,152,37,40,5,7,40,226,0.078125,48,48,9,2,5,2176,1749.1328,,500.13355189497327
p21,10,0,main_p_far_vs_p_pre,rr_count,200.0,806.484375,804.6875,83.22766734229545,23.4375,109.57251772334344,109.84886046260993,0.11249951338311227,46.12908291457286,109.84886046260993,77.47947031385931,96.96139414376614,1.0095685805625136,56,0.01,5.394591256667502,99.0,14.9921875,55.8501149697554,39.92655733291646,55.8501149697554,0.0,0.0,383,26.0,19.25,6.583125,0.04,0.19855816040285024,3.9651363795501458,0.0018729139241622174,154,14.9921875,46.12908291457286,15.625,929.6875,7.8125,180,38,75,5,7,31,227,0.055,47,47,9,2,5,2200,1768.2031,,779.774676336672
p21,10,0,main_p_far_vs_p_pre,time,300.0,805.508675196722,804.6875,95.13334581483193,23.4375,138.32613726072208,138.51120914212245,0.11902043312596033,56.02859309461349,138.51120914212245,97.81134967239774,105.79699797445778,0.9737578181418548,57,0.01445887445887446,5.394591256667502,39.0,1.546875,55.8501149697554,39.92655733291646,55.8501149697554,0.0,0.0,426,61.0,37.46875,45.929096297779495,0.152857563705995,-0.06707215777404427,3.96513637955015,-0.0012887275320181508,157,1.546875,56.02859309461349,15.625,929.6875,7.8125,227,49,123,5,7,20,235,0.0843225806451613,52,52,9,2,5,2239,1799.3203,,852.3218461993675
p22,10,1,main_p_far_vs_p_pre,full_record,1800.0,837.3589460214054,835.9375,101.1708764722593,23.4375,119.44250975009743,119.47027607078832,0.12082139559499382,35.31264548417132,119.47027607078832,84.45860860623421,115.48954898443945,0.7313095370873237,900,0.41879944160074456,118.8375390554992,40.0,32.5,3867.8032527917107,338.75619379322035,3867.8032527917107,3807.6596962600133,53.70554794487182,2025,14.0,11.90625,1695.6518656933458,0.9422987436016752,-7.388000008819718,29.017826482012424,0.0012032997287919033,1775,9.5703125,35.31264548417132,7.8125,1750.0,7.8125,139,212,110,5,5,3,104,0.04839460214053048,10,10,5,0,6,2149,1799.4844,1788.09375,
p22,10,1,main_p_far_vs_p_pre,rr_count,50.0,834.296875,835.9375,19.472598908762926,7.8125,15.150426979304651,15.268820963410834,0.022878275733907952,10.602678571428573,15.268820963410834,10.71296965493794,26.106033225765017,0.5289551372117927,861,0.34,44.96443835589746,0.0,0.4921875,314.91455255140806,338.75619379322035,338.75619379322035,88.29947931289246,0.0,1726,3.0,0.9609375,39.11859375,0.94,1.9901175048123387,27.619139153900008,-0.004991608833790095,1676,0.4921875,10.602678571428573,7.8125,1023.4375,7.8125,87,18,18,5,5,116,97,0.0,7,7,5,0,6,2100,1756.0312,1788.09375,
p22,10,1,main_p_far_vs_p_pre,rr_count,100.0,834.296875,839.84375,36.63680613054268,7.8125,57.82188362285031,58.11565735257808,0.04414904146779762,16.966540404040405,58.11565735257808,40.88624601069682,37.33952669897591,0.7077068999608923,861,0.34,44.96443835589746,1.0,0.4921875,427.33388144358094,338.75619379322035,427.33388144358094,178.85163363582913,0.0,1837,4.0,1.0625,80.7,0.96,2.281979480964413,27.619139153900008,-0.004593217861426944,1699,0.4921875,16.966540404040405,7.8125,1023.4375,7.8125,91,28,26,5,5,63,94,0.01,4,4,5,0,6,2100,1756.0312,1788.09375,
p22,10,1,main_p_far_vs_p_pre,rr_count,128.0,834.442138671875,835.9375,36.521096777226376,9.765625,55.1859000129479,55.404171371333284,0.04300513723365175,16.3939468503937,55.404171371333284,39.02232412503824,34.03130270877604,0.7241516347862759,820,0.36328125,44.96443835589746,7.0,0.859375,546.6774111819112,338.75619379322035,546.6774111819112,217.2125928040835,0.0,1791,7.0,1.734375,102.10482788085938,0.9453125,2.804209642202694,27.619904155924246,0.005015522676435458,1636,0.890625,16.3939468503937,7.8125,1023.4375,7.8125,108,26,37,5,5,48,94,0.0078125,5,5,5,0,6,2048,1711.3047,1788.09375,
p22,10,1,main_p_far_vs_p_pre,rr_count,200.0,832.3828125,835.9375,42.965429421158326,13.671875,63.78403240973526,63.94489328356963,0.052370704509755533,20.061243718592966,63.94489328356963,45.10212184834632,40.39322353266361,0.7953291898438586,784,0.3275,44.96443835589746,5.5,0.8515625,782.8610426267107,338.75619379322035,782.8610426267107,312.2862117598396,0.0,1794,6.5,1.0625,160.73853515625,0.9675,2.6177555408038193,27.619904543971714,-0.0022908301030818406,1620,0.8984375,20.061243718592966,7.8125,1023.4375,7.8125,125,23,34,5,5,30,92,0.0125,3,3,5,0,6,2000,1669.8906,1788.09375,
p22,10,1,main_p_far_vs_p_pre,time,300.0,838.3910108852562,839.84375,115.17044517953961,15.625,132.84607044969727,133.0337207534027,0.13613937192287878,40.614501506842544,133.0337207534027,93.93635726896676,124.7676656460417,0.7700942501849082,900,0.39507367632367635,118.8375390554992,1.5,0.8984375,1225.1711525654086,338.75619379322035,1225.1711525654086,624.9873012643654,0.0,2011,3.0,1.78125,297.18746781241464,0.9902110725293589,2.324534058893158,29.017826482012424,0.019013097647993336,1769,0.8984375,40.614501506842544,7.8125,1750.0,7.8125,137,68,52,5,5,18,100,0.0502071325648415,6,6,5,0,6,2149,1799.4844,1788.09375,
p23,11,0,main_p_far_vs_p_pre,full_record,1800.0,964.3557305630027,960.9375,83.15419938415869,15.625,124.13452202344926,124.16783324323013,0.08622772359698869,37.76740209227468,124.16783324323013,87.7763623021318,78.25951681070954,1.1216062388225723,49,0.026273458445040216,16.255272809250602,117.0,113.4140625,106.86941441889783,15.153028937255097,106.86941441889783,62.642606410371606,0.0,474,288.0,276.0703125,457.1046162868633,0.2541554959785523,0.09822115022729944,8.411283669535688,0.000533389893625712,66,113.4140625,37.76740209227468,15.625,984.375,7.8125,80,32,104,4,5,3,48,0.025737265415549597,20,20,0,0,0,1865,1798.5234,,948.7783144773096
p23,11,0,main_p_far_vs_p_pre,rr_count,50.0,964.53125,964.84375,18.150492277014393,7.8125,27.269624381407624,27.54798001606581,0.01881489319288826,19.929846938775512,27.54798001606581,19.28253632050334,16.646309181767588,1.1312210292198217,49,0.0,16.255272809250602,-1.0,0.609375,67.02322396613441,11.993919928000102,67.02322396613441,0.0,0.0,70,-1.0,1.9140625,0.0,0.0,0.0554369600097469,7.5288915330801895,0.001481916856133106,63,0.609375,19.929846938775512,15.625,984.375,7.8125,79,8,8,4,5,6,46,0.0,18,18,0,0,0,1850,1783.9219,,141.26178954358932
p23,11,0,main_p_far_vs_p_pre,rr_count,100.0,963.8671875,962.890625,35.411216098885646,7.8125,55.028445413257195,55.26991134346876,0.037896719283908246,21.504103535353536,55.26991134346876,38.91098690986793,34.633527602533704,1.1324634645998795,45,0.01,16.255272809250602,-0.5,0.609375,67.02322396613441,11.993919928000102,67.02322396613441,0.0,0.0,120,-1.0,1.9140625,0.0,0.0,0.040886866271773445,7.528895172057473,-0.0005223586250477227,61,0.609375,21.504103535353536,15.625,984.375,7.8125,71,28,21,4,5,8,43,0.005,17,17,0,0,0,1800,1735.2891,,248.94987238725813
p23,11,0,main_p_far_vs_p_pre,rr_count,128.0,963.43994140625,960.9375,46.065680291599854,7.8125,74.3330712736601,74.62729340267722,0.04807359056070527,25.406003937007874,74.62729340267722,52.56141876402801,37.22330804263857,1.3179686310914078,43,0.015625,16.255272809250602,11.5,0.609375,106.86941441889783,13.818541713232941,106.86941441889783,0.0,0.0,196,-1.0,29.4453125,0.0,0.0,-0.022159528644450584,8.411223611333952,0.0012036232346845754,64,0.609375,25.406003937007874,15.625,984.375,7.8125,69,8,12,4,5,10,41,0.015625,16,16,0,0,0,1792,1727.4844,,408.4552080470307
p23,11,0,main_p_far_vs_p_pre,rr_count,200.0,963.8671875,960.9375,52.510612238593765,7.8125,85.70878083533886,85.9248634352282,0.055122469894123935,28.070037688442213,85.9248634352282,60.605260135899705,42.915396295546806,1.412203203683069,45,0.02,16.255272809250602,39.0,29.2890625,106.86941441889783,13.818541713232941,106.86941441889783,0.0,0.0,220,-1.0,83.40625,0.0,0.0,0.1206350724290037,8.411283669504142,0.0007597106627022391,64,29.2890625,28.070037688442213,15.625,984.375,7.8125,71,28,21,4,5,10,43,0.02,17,17,0,0,0,1800,1735.2891,,456.4080993766399
p23,11,0,main_p_far_vs_p_pre,time,300.0,964.0605837507214,964.84375,52.1735536266818,7.8125,82.04957122691846,82.18098043278962,0.05447273046266085,27.60467601173531,82.18098043278962,58.01780820800266,45.2438087582553,1.405350347080161,49,0.01913919413919414,16.255272809250602,107.5,1.5546875,106.86941441889783,13.588497443172123,106.86941441889783,0.0,0.0,200,-1.0,125.3125,0.0,0.0,0.00882424148398571,8.411283669535674,-0.0005861788440146848,66,1.5546875,27.60467601173531,15.625,984.375,7.8125,82,15,42,4,5,9,46,0.015934065934065933,18,18,0,0,0,1865,1798.5234,,400.32840273304197
p24,11,1,main_p_far_vs_p_pre,full_record,1800.0,998.248473917869,1000.0,82.97706601180482,15.625,138.35765746555273,138.39608419960686,0.08312265751445744,49.013568850638535,138.39608419960686,97.83363782297788,64.79943115627809,1.509791615099684,66,0.03662597114317425,11.585534259707147,22.0,22.5078125,22.825310189838397,4.520275852796762,22.825310189838397,0.0,0.0,61,600.0,589.8515625,60.893156908990015,0.033851276359600446,0.2759712402569061,3.6562465686460386,0.00027382120086758845,19,257.234375,49.013568850638535,15.625,960.9375,7.8125,129,52,85,5,6,3,66,0.03662597114317425,23,23,0,0,0,1802,1798.8438,1210.1484375,
p24,11,1,main_p_far_vs_p_pre,rr_count,50.0,999.140625,998.046875,55.03000701103122,7.8125,90.2393658141431,91.16428684384516,0.05527338625180311,34.598214285714285,91.16428684384516,63.8088674971541,42.885601099559494,1.201988399248655,66,0.02,11.585534259707147,1.0,1.921875,22.825310189838397,4.520275852796762,22.825310189838397,0.0,0.0,48,-1.0,1.921875,0.0,0.0,0.18250727189473948,3.652237652255014,-0.0019576528502893787,19,1.921875,34.598214285714285,15.625,960.9375,7.8125,92,8,8,5,6,16,68,0.02,23,23,0,0,0,1800,1796.8047,1210.1484249999999,
p24,11,1,main_p_far_vs_p_pre,rr_count,100.0,999.4140625,1000.0,65.23222456369886,7.8125,114.55814190691751,114.96666860602711,0.06699709126261627,36.22159090909091,114.96666860602711,81.00483898251218,46.50734419285327,1.7307598158432094,66,0.025,11.585534259707147,23.5,1.921875,22.825310189838397,4.520275852796762,22.825310189838397,0.0,0.0,53,-1.0,1.921875,0.0,0.0,0.17480560194342287,3.652237652255014,-0.00014038059905092137,19,1.921875,36.22159090909091,15.625,960.9375,7.8125,115,8,10,5,6,15,68,0.03,23,23,0,0,0,1800,1796.8047,1210.1484249999999,
p24,11,1,main_p_far_vs_p_pre,rr_count,128.0,999.969482421875,996.09375,64.77586448424405,7.8125,108.26130007993224,108.68425374963567,0.06527938746906839,39.8929625984252,108.68425374963567,76.5522994265918,50.21505843634168,1.5721416476304397,66,0.0234375,11.585534259707147,17.0,2.015625,22.825310189838397,4.520275852796762,22.825310189838397,0.0,0.0,30,-1.0,89.0859375,0.0,0.0,0.19827940962584067,3.6562465686454777,-5.300012718815394e-05,19,6.4296875,39.8929625984252,15.625,960.9375,7.8125,114,10,10,5,6,14,68,0.03125,23,23,0,0,0,1792,1788.8125,1210.1484625,
p24,11,1,main_p_far_vs_p_pre,rr_count,200.0,1003.0078125,1000.0,85.15468323555221,7.8125,152.82441526184758,153.20976857151155,0.08669900933941047,51.27198492462311,153.20976857151155,108.06318036252132,58.29988074034868,1.8608741533405166,66,0.035,11.585534259707147,25.0,1.921875,22.825310189838397,4.520275852796762,22.825310189838397,0.0,0.0,53,-1.0,1.921875,0.0,0.0,0.18165918717760016,3.652237652255014,0.0001324760218840194,19,1.921875,51.27198492462311,15.625,960.9375,7.8125,119,10,22,5,6,12,70,0.04,23,23,0,0,0,1800,1796.8047,1210.1484249999999,
p24,11,1,main_p_far_vs_p_pre,time,300.0,1000.15625,996.09375,76.13415528815908,7.8125,136.86695126493998,137.09410812284364,0.07696396716258835,49.164307939031744,137.09410812284364,96.77954935976777,47.18044507426527,1.6703217525421894,66,0.039607843137254906,11.585534259707147,20.0,0.609375,22.825310189838397,4.520275852796762,22.825310189838397,0.0,0.0,54,-1.0,102.4921875,0.0,0.0,0.25702747827082556,3.6562465686301464,4.109516949591189e-05,19,50.4609375,49.164307939031744,15.625,960.9375,7.8125,123,12,11,5,6,11,72,0.042908496732026145,24,24,0,0,0,1802,1798.8438,1209.671875,
p25,12,0,main_p_far_vs_p_pre,full_record,1800.0,705.4280184241474,718.75,72.7179629096799,31.25,104.57346272799815,104.59394961534349,0.10308346282037996,68.33639705882354,104.59394961534349,73.94460462712617,71.4702714840594,1.0346204525558385,26,0.010192081536652292,5.925773417922499,718.0,511.0703125,8.815303550389299,13.33635250851809,13.33635250851809,0.0,1.8222154601895855,46,629.0,450.28125,32.449688847510785,0.01803214425715406,-0.4373641407798382,2.0097970070800475,-2.647646933551437e-06,55,447.9765625,68.33639705882354,31.25,726.5625,23.4375,164,17,13,4,7,4,86,0.03371226969815758,5,5,0,1,2,2551,1799.5469,,92.02316427540732
p25,12,0,main_p_far_vs_p_pre,rr_count,50.0,703.125,722.65625,71.17421228856671,23.4375,105.43774345809813,106.5292955592055,0.09989641044150402,71.10969387755102,106.5292955592055,74.55574339222872,67.81968538533121,1.1016917824274726,26,0.0,5.925773417922499,-1.0,0.390625,7.790266502698612,13.33635250851809,13.33635250851809,0.28018080896894615,0.0,29,-1.0,2.9453125,0.0,0.0,0.10581310013488873,2.0102108498554356,-0.004570744457306471,53,0.390625,71.10969387755102,31.25,726.5625,23.4375,133,8,9,4,7,41,124,0.04,6,6,1,6,2,2550,1799.0,,58.03224013340745
p25,12,0,main_p_far_vs_p_pre,rr_count,100.0,699.453125,718.75,72.67695140623273,27.34375,103.06591703574558,103.59030744789197,0.10145762656775864,68.49747474747475,103.59030744789197,72.87860884518581,69.14763551957674,1.0545451095921918,26,0.01,5.925773417922499,0.0,0.390625,8.815303550389299,13.33635250851809,13.33635250851809,0.1981748332035722,0.0,43,-1.0,19.9921875,0.0,0.0,0.10581033359996826,2.0102108498554356,-0.003467896206077584,55,0.390625,68.49747474747475,31.25,726.5625,23.4375,133,15,9,4,7,40,129,0.05,5,5,2,5,2,2500,1763.6016,,87.77492603771736
p25,12,0,main_p_far_vs_p_pre,rr_count,128.0,701.2939453125,718.75,71.57075159995608,27.34375,101.06679832624225,101.46638780518929,0.10110494863025353,67.72883858267717,101.46638780518929,71.4650184492991,69.78286889154788,1.059371435740014,26,0.0,5.925773417922499,-1.0,4.2421875,7.858592266044264,13.33635250851809,13.33635250851809,0.06152330651227389,0.0,44,-1.0,5.4921875,0.0,0.0,0.06833216940388857,2.051253218891402,-0.0003148977252432173,56,3.7734375,67.72883858267717,39.0625,726.5625,31.25,127,17,9,4,7,37,121,0.0390625,6,6,0,5,2,2432,1716.0781,,92.30349131545937
p25,12,0,main_p_far_vs_p_pre,rr_count,200.0,704.375,722.65625,71.61763291211707,27.34375,104.82561413031097,105.08946385370552,0.09989313594340668,68.8010364321608,105.08946385370552,74.12290259358726,69.38149752372541,1.0566490998401603,24,0.0075,5.925773417922499,25.0,3.828125,8.815303550389299,13.33635250851809,13.33635250851809,0.33486400927135773,0.0,46,-1.0,22.2890625,0.0,0.0,0.15242900338665513,2.0097970070800075,0.002176091509392828,50,3.828125,68.8010364321608,39.0625,726.5625,31.25,129,12,14,4,7,31,122,0.052500000000000005,5,5,2,3,2,2400,1694.7109,,97.71578149405896
p25,12,0,main_p_far_vs_p_pre,time,300.0,702.5578161592506,718.75,72.70029045938429,31.25,104.94027676485638,105.06330065549753,0.10230057600324138,70.23157323878394,105.06330065549753,74.20398132002303,69.20703342680171,1.0430548333516811,26,0.008180344245918016,5.925773417922499,43.0,3.90625,8.815303550389299,13.33635250851809,13.33635250851809,0.0,0.13776702733570895,46,42.5,60.3359375,4.312837230215828,0.014388489208633094,-0.051228044521005364,2.0097970070800475,0.00020544539192247587,55,3.90625,70.23157323878394,39.0625,726.5625,31.25,154,17,15,4,7,21,116,0.04352953523569637,5,5,1,5,2,2551,1799.5469,,92.02316427540732
p26,12,1,main_p_far_vs_p_pre,full_record,1800.0,745.3267398508699,757.8125,71.25681667177125,23.4375,101.90337770953016,101.92449930660112,0.09560480372142398,55.14077393286365,101.92449930660112,72.05656940422284,70.4479854224608,1.0228336406231593,25,0.010356255178127589,4.209178156363149,64.0,47.46875,13.171261161683685,59.05993354533894,59.05993354533894,0.0,0.0,125,1097.0,822.8828125,93.16584248135874,0.05178127589063795,-0.18504273262306828,2.160005604953736,8.609323899517686e-05,85,47.46875,55.14077393286365,23.4375,718.75,15.625,280,16,25,7,6,4,134,0.05550952775476388,13,13,1,12,2,2414,1799.2188,977.1171875,
p26,12,1,main_p_far_vs_p_pre,rr_count,50.0,746.40625,757.8125,66.48002926859053,15.625,99.50048455113138,100.53128124403989,0.09047888557761274,52.29591836734694,100.53128124403989,70.35746735745231,59.95591801073873,1.147704200338553,25,0.0,4.209178156363149,-1.0,6.5,10.679663644319252,49.516937055327645,49.516937055327645,0.0,0.0,76,-1.0,3.5703125,0.0,0.0,0.006145778048865187,2.1296872530351063,0.0014414799695576194,78,2.4140625,52.29591836734694,23.4375,718.75,15.625,193,11,13,7,6,28,124,0.04,13,13,2,10,1,2400,1788.9375,977.1172125,
p26,12,1,main_p_far_vs_p_pre,rr_count,100.0,747.7734375,757.8125,68.14852622998171,15.625,99.37260742344358,99.8780170116797,0.09116161436109177,55.47664141414141,99.8780170116797,70.26704457330561,60.49261300839213,1.1048659719084244,25,0.005,4.209178156363149,4.5,6.5,13.171261161683685,49.516937055327645,49.516937055327645,0.0,0.0,93,-1.0,3.5703125,0.0,0.0,0.0693247271931155,2.1296872530351063,0.0003584310950142415,79,2.4140625,55.47664141414141,19.53125,718.75,15.625,228,13,17,7,6,28,129,0.05,13,13,3,11,1,2400,1788.9375,977.1172,
p26,12,1,main_p_far_vs_p_pre,rr_count,128.0,749.755859375,757.8125,68.58246065405476,17.578125,98.28823991056116,98.67314848496667,0.0919375000754011,55.67175196850394,98.67314848496667,69.50028095164805,64.71432992432322,1.0783862560948445,23,0.0078125,4.209178156363149,4.0,2.6171875,8.349374539392102,59.05993354533894,59.05993354533894,0.0,0.0,66,-1.0,10.1953125,0.0,0.0,-0.07275789641181599,2.160005604231013,-0.0018544282663770669,79,2.6171875,55.67175196850394,23.4375,718.75,15.625,217,15,17,7,6,26,122,0.0546875,11,11,1,12,1,2304,1718.0234,977.11715,
p26,12,1,main_p_far_vs_p_pre,rr_count,200.0,747.48046875,757.8125,71.3909467117555,23.4375,105.88258410010098,106.14956712359768,0.09532940854323801,62.04852386934674,106.14956712359768,74.87029322673632,66.67338612086498,1.1180448199109683,25,0.01,4.209178156363149,62.5,8.3671875,13.171261161683685,59.05993354533894,59.05993354533894,0.0,0.0,106,-1.0,23.3671875,0.0,0.0,0.08925021057423474,2.1600056049547187,0.0017277319926240057,84,5.2578125,62.04852386934674,23.4375,718.75,15.625,239,13,19,7,6,26,125,0.0575,13,13,1,13,1,2400,1788.9375,977.1172,
p26,12,1,main_p_far_vs_p_pre,time,300.0,746.1714863184079,757.8125,70.33873146050882,23.4375,103.35521132043587,103.48447909575002,0.09401060657056727,55.83486364106324,103.48447909575002,73.08317079564883,63.84101868458605,1.1742390877585125,25,0.009856959471850358,4.209178156363149,118.5,37.3515625,13.171261161683685,59.05993354533894,59.05993354533894,0.0,0.0,109,-1.0,166.0859375,0.0,0.0,-0.05163295681370382,2.160005604953736,-0.00013316857267465937,83,1.671875,55.83486364106324,19.53125,718.75,11.71875,276,18,22,7,6,17,131,0.05603426884041787,13,13,2,12,2,2414,1799.2188,977.09375,
p27,13,0,main_p_far_vs_p_pre,full_record,1800.0,759.2662183544304,742.1875,82.3751795466336,23.4375,104.17006060233605,104.1920535959942,0.10849314450624002,33.76622520050654,104.1920535959942,73.65935624852543,90.25319743772552,0.8161412375373205,751,0.3168776371308017,141.34616728703332,136.0,99.140625,5757.446235945824,110.4178849791424,5757.446235945824,5697.2708006017965,27.553633610721366,2175,7.0,5.953125,1651.404024920886,0.9177215189873418,-0.6627196443591193,34.9015274266644,-0.007717342532663619,1666,2.9765625,33.76622520050654,7.8125,1757.8125,7.8125,285,74,182,6,7,4,83,0.0350210970464135,1,1,0,0,0,2370,1799.4609,,4351.303215312986
p27,13,0,main_p_far_vs_p_pre,rr_count,50.0,747.34375,742.1875,18.64941665013429,11.71875,12.020457158782374,12.140750648869583,0.02539312379952156,9.247448979591837,12.140750648869583,8.499746769937396,23.071655758224647,0.5544366107025034,751,0.28,141.34616728703332,0.0,0.765625,513.0136356261257,89.54080595816157,513.0136356261257,62.351037558816216,0.0,1720,5.0,0.875,33.1715625,0.84,1.669919662676437,34.89992856460891,0.010908954569493416,1564,0.7890625,9.247448979591837,7.8125,1757.8125,7.8125,74,24,22,6,6,114,35,0.0,0,0,0,0,0,2350,1785.2812,,3468.3611746989777
p27,13,0,main_p_far_vs_p_pre,rr_count,100.0,750.3125,742.1875,18.639854297846576,7.8125,12.709342359346163,12.773036360359642,0.02521561350797254,9.232954545454545,12.773036360359642,8.986862166715106,22.02022724646844,0.54237485574668,736,0.3,141.34616728703332,8.0,0.765625,859.7634001206227,97.44813279601169,859.7634001206227,169.0807775625409,0.0,1854,7.0,0.875,67.368359375,0.91,2.0247802312888723,34.89992856460891,0.00394045750396058,1568,0.7890625,9.232954545454545,7.8125,1757.8125,7.8125,86,45,33,6,6,68,39,0.0,0,0,0,0,0,2300,1748.0625,,3818.170116915156
p27,13,0,main_p_far_vs_p_pre,rr_count,128.0,748.53515625,746.09375,19.676923714060116,9.765625,21.366360864542912,21.450047337657775,0.026602012515524496,10.211614173228348,21.450047337657775,15.108298656597153,26.66063403111191,0.5999898899294451,736,0.24609375,141.34616728703332,5.5,0.765625,1096.2717996399242,98.39854580113386,1096.2717996399242,176.39797245132917,0.9579132742927539,1923,6.0,1.0703125,87.95181274414062,0.92578125,1.4119831241520653,34.901527426657175,0.0005085710226444751,1587,0.8046875,10.211614173228348,7.8125,1757.8125,7.8125,73,37,33,6,7,55,34,0.0,0,0,0,0,0,2304,1751.0469,,3953.520605301891
p27,13,0,main_p_far_vs_p_pre,rr_count,200.0,750.234375,757.8125,26.960079736880783,15.625,28.61131238054163,28.683229151933336,0.03593554312528106,12.052449748743719,28.683229151933336,20.231253002927605,34.291115814773896,0.5786570922565296,722,0.33,141.34616728703332,4.0,0.7734375,1565.1389199047333,97.44813279601169,1565.1389199047333,295.658009121507,0.7063923616140841,1966,5.0,0.9296875,147.0459375,0.975,0.15421323512946156,34.901527426663854,0.010414680065946895,1563,0.7890625,12.052449748743719,7.8125,1757.8125,7.8125,90,57,60,6,7,36,33,0.0,0,0,0,0,0,2200,1674.1406,,4227.601911093967
p27,13,0,main_p_far_vs_p_pre,time,300.0,755.7608591657099,750.0,42.98578554764316,15.625,43.36244164151562,43.417034739819826,0.05671126797500407,19.84346442301632,43.417034739819826,30.66187653352162,52.17575990405918,0.5796728937157091,751,0.3058936088786835,141.34616728703332,6.5,0.8984375,2734.580825722319,64.03134674057667,2734.580825722319,810.3496648054137,4.938249269640391,2161,3.5,0.8984375,295.4607957807118,0.9874473784921547,0.798314263164303,34.9015274266644,0.00031350220716779915,1658,0.8984375,19.84346442301632,7.8125,1757.8125,7.8125,101,57,90,6,7,21,36,0.012814483156495348,0,0,0,0,0,2370,1799.4609,,4323.294826800627
p28,13,1,main_p_far_vs_p_pre,full_record,1800.0,774.9044465977605,773.4375,79.96410372248272,31.25,95.54278769227591,95.56337368594788,0.10319221172825545,15.729346186988368,95.56337368594788,67.5589530706749,90.68794643321843,0.7449606670763523,1181,0.5086132644272179,154.61919939117047,221.0,160.7734375,6720.847431057142,32.85439520660825,6720.847431057142,6720.847431057142,0.0,2234,14.0,11.0390625,1731.136533699397,0.9621016365202412,3.18029939813443,31.83248488083176,-0.0006090458642979911,1800,9.5390625,15.729346186988368,7.8125,2625.0,7.8125,65,278,512,7,8,4,22,0.009474590869939707,1,1,0,0,0,2322,1799.3281,1788.9609375,
p28,13,1,main_p_far_vs_p_pre,rr_count,50.0,773.75,773.4375,17.10142612771255,7.8125,10.558490018170616,10.664871132487193,0.02113420755090805,8.21109693877551,10.664871132487193,7.465979890938915,22.046066036556176,0.41820776711827,1177,0.5700000000000001,154.61919939117047,0.0,0.7734375,407.20451141057003,31.54479099146453,407.20451141057003,138.81457705211818,0.0,1750,2.0,0.84375,37.11,0.96,2.7659145877902818,31.47762491397852,-0.014524442765926349,1736,0.796875,8.21109693877551,7.8125,2625.0,7.8125,57,24,20,7,8,124,18,0.0,1,1,0,0,0,2300,1782.625,1788.9609375,
p28,13,1,main_p_far_vs_p_pre,rr_count,100.0,774.6875,769.53125,23.26840834567951,11.71875,18.69665707540935,18.790299533617866,0.02812157745488601,10.653409090909092,18.790299533617866,13.220533003541394,30.133953623526544,0.4064043019075188,1177,0.52,154.61919939117047,0.0,0.78125,632.58088711163,32.85439520660825,632.58088711163,283.4321797119866,0.0,1846,2.0,1.578125,75.19203125,0.98,3.3703890434176547,31.832479533201262,-0.008578374898648008,1760,0.796875,10.653409090909092,7.8125,2625.0,7.8125,77,30,24,7,8,71,21,0.0,1,1,0,0,0,2300,1782.625,1788.9609375,
p28,13,1,main_p_far_vs_p_pre,rr_count,128.0,774.688720703125,767.578125,23.958486369525488,11.71875,14.290384830337796,14.341907097102688,0.03003594164000018,9.473425196850393,14.341907097102688,10.104828019297225,31.568051139187375,0.4198551079524501,1177,0.5,154.61919939117047,0.0,0.7734375,794.4028913171176,32.85439520660825,794.4028913171176,362.8028617406892,0.0,1937,3.0,1.625,97.053955078125,0.9765625,2.7173515535162696,31.832484880711824,0.004651589708419138,1759,0.8125,9.473425196850393,7.8125,2625.0,7.8125,66,36,24,7,8,57,22,0.0,2,2,0,0,0,2304,1785.6641,1788.9609375,
p28,13,1,main_p_far_vs_p_pre,rr_count,200.0,783.515625,773.4375,27.55287270332083,15.625,23.788205269755643,23.83647375091776,0.03387979020799667,11.031721105527637,23.83647375091776,16.820801258501778,32.86984251249894,0.4785705876790987,1140,0.65,154.61919939117047,0.0,0.796875,1182.9522447801312,32.85439520660825,1182.9522447801312,676.1546750366044,0.0,1858,2.0,1.59375,154.352578125,0.99,2.5877288932063167,31.832479533201262,-0.0038125172417179344,1679,0.796875,11.031721105527637,7.8125,2625.0,7.8125,72,59,58,7,8,35,20,0.0,1,1,0,0,0,2200,1706.4844,1788.9609375,
p28,13,1,main_p_far_vs_p_pre,time,300.0,771.9010309692444,769.53125,53.1971709951179,19.53125,57.07040288471546,57.1453986234952,0.069658742911837,17.713393994902834,57.1453986234952,40.3548688848306,65.31132932809788,0.724555820453793,1181,0.438959266424615,154.61919939117047,12.0,0.7890625,2080.6684083446075,32.85439520660825,2080.6684083446075,1034.0800572835099,0.0,2042,2.0,0.9140625,297.169193846401,0.99092179751921,4.262643551310671,31.832484880829654,0.005744818584307614,1791,0.8359375,17.713393994902834,7.8125,2625.0,7.8125,72,119,106,7,8,21,21,0.002654780012393668,1,1,0,0,0,2322,1799.3281,1788.9609375,
p29,14,0,main_p_far_vs_p_pre,full_record,1800.0,1057.8152557319224,1046.875,110.09811510077448,15.625,164.23671160236847,164.28503726015794,0.10408066484595696,50.372242647058826,164.28503726015794,116.13289249381407,103.71278213656691,1.1197548662892158,24,0.014109347442680775,9.37974216993195,21.0,25.2421875,15.985427919160756,3.168589499770376,15.985427919160756,0.0,0.0,97,21.0,25.2421875,102.60807980599647,0.05702527924750147,0.14004785829659994,2.334293603706372,-0.0006076661196197683,44,25.2421875,50.372242647058826,7.8125,1125.0,7.8125,121,104,34,4,5,2,65,0.03821281599059377,23,23,1,0,0,1701,1799.3438,,194.07074956992653
p29,14,0,main_p_far_vs_p_pre,rr_count,50.0,1045.0,1042.96875,72.97132283300387,7.8125,124.61475517876974,125.90588095858283,0.07038929389540588,38.58418367346938,125.90588095858283,88.1159384228095,57.51179727273933,1.0996883169669918,24,0.0,9.37974216993195,-1.0,1.453125,15.985427919160756,3.168589499770376,15.985427919160756,0.0,0.0,74,-1.0,3.4765625,0.0,0.0,-0.08476802682628669,2.3913137490799934,-0.0009085419717392957,43,3.4765625,38.58418367346938,11.71875,1125.0,7.8125,94,17,20,4,5,15,65,0.02,23,23,1,0,0,1700,1798.2656,,148.14274376376883
p29,14,0,main_p_far_vs_p_pre,rr_count,100.0,1050.46875,1039.0625,112.79212366520073,7.8125,179.52445116729697,180.43799777599227,0.10523647371634735,48.611111111111114,180.43799777599227,126.94295680918889,82.06983369897566,1.0963907214627258,24,0.01,9.37974216993195,27.0,3.4765625,15.985427919160756,3.168589499770376,15.985427919160756,0.0,0.0,86,-1.0,3.4765625,0.0,0.0,-0.0789331628204059,2.3913137490799934,-0.0015831248223460684,43,3.4765625,48.611111111111114,7.8125,1125.0,7.8125,116,30,25,4,5,17,65,0.04,24,24,1,0,0,1700,1798.2656,,172.16589140113675
p29,14,0,main_p_far_vs_p_pre,rr_count,128.0,1056.70166015625,1046.875,104.02692698176243,7.8125,158.61430947281332,159.24237962892502,0.10002800467569667,45.89074803149607,159.24237962892502,112.15725382144794,98.2401344057436,1.1763906109409703,24,0.015625,9.37974216993195,37.0,7.4375,15.985427919160756,3.168589499770376,15.985427919160756,0.0,0.0,97,5.0,7.4375,3.13677978515625,0.0234375,-0.1020862314175579,2.323184540908821,-0.0012752485827808456,43,7.4375,45.89074803149607,15.625,1125.0,7.8125,115,32,33,4,5,13,66,0.0390625,25,25,0,0,0,1664,1760.3438,,198.37034106633033
p29,14,0,main_p_far_vs_p_pre,rr_count,200.0,1054.43359375,1046.875,107.71386238429876,11.71875,158.89568504081075,159.29632884016107,0.10217790857064443,47.58165829145729,159.29632884016107,112.35621639363913,100.06887360007113,1.1696261181720402,22,0.015,9.37974216993195,26.0,6.375,15.985427919160756,3.168589499770376,15.985427919160756,0.0,0.0,97,12.5,6.375,5.79734375,0.0275,-0.07305876276005022,2.3342936037086686,-7.4547406994891e-05,44,6.375,47.58165829145729,7.8125,1125.0,7.8125,114,32,33,4,5,11,62,0.0325,22,22,1,0,0,1600,1693.7188,,206.17353955095734
p29,14,0,main_p_far_vs_p_pre,time,300.0,1054.328573476536,1046.875,105.22855609052114,11.71875,162.82922727170012,163.11460689464712,0.09999821282231613,49.27138741134752,163.11460689464712,115.13765077918467,94.28356084288544,1.2208616297736405,24,0.016133192334476798,9.37974216993195,45.5,1.4453125,15.985427919160756,3.168589499770376,15.985427919160756,0.0,0.0,97,45.5,25.2421875,7.866570723684211,0.02631578947368421,-0.010550932152551484,2.334291960185267,-9.786455211173433e-05,44,25.2421875,49.27138741134752,15.625,1125.0,7.8125,118,52,33,4,5,9,66,0.035224102659475544,23,23,1,0,0,1701,1799.3438,,194.07074956992653
p30,14,1,main_p_far_vs_p_pre,full_record,1800.0,1131.6275959723096,1140.625,117.06615780404535,15.625,169.42371682463457,169.47668511584905,0.10344936639996,60.645269206549116,169.47668511584905,119.80065906052846,114.26623602213523,1.0484344565031538,36,0.022655758338577723,4.420714901631731,29.0,33.4453125,2.4111630299536335,12.092530171509937,12.092530171509937,0.0,9.960292817657384,37,121.0,137.421875,41.87022105097546,0.02328508495909377,-1.7712232149328435,1.7712232149328435,-0.000133952577805373,33,33.4453125,60.645269206549116,7.8125,882.8125,7.8125,143,39,24,4,6,3,94,0.0591567023285085,24,24,3,0,2,1589,1798.1562,1662.578125,
p30,14,1,main_p_far_vs_p_pre,rr_count,50.0,1134.53125,1140.625,86.046139586591,7.8125,125.29859107755526,126.34056741525532,0.07533451345474451,37.46811224489796,126.34056741525532,88.59948342405956,68.8626020129569,0.8927338368967946,28,0.0,4.420714901631731,-1.0,0.65625,2.4111630299536335,12.092530171509937,12.092530171509937,0.0,0.0,36,-1.0,15.640625,0.0,0.0,0.12554602970926754,1.6410705910005943,0.001235227970544582,31,1.265625,37.46811224489796,7.8125,882.8125,7.8125,87,13,15,4,6,24,87,0.04,24,24,2,0,1,1550,1756.2578,1662.578125,
p30,14,1,main_p_far_vs_p_pre,rr_count,100.0,1134.53125,1140.625,93.14315907454699,7.8125,121.07911181482197,121.69464829640104,0.0817381349344715,38.58901515151515,121.69464829640104,85.61586102430483,92.90370597285754,0.8158843382325509,18,0.01,3.4940482167665725,1.0,0.65625,2.4111630299536335,12.092530171509937,12.092530171509937,0.0,0.0,24,-1.0,23.609375,0.0,0.0,0.12554800259593482,1.3772870373846855,0.00015072370530141998,24,1.265625,38.58901515151515,7.8125,859.375,7.8125,107,13,15,4,5,19,73,0.04,23,23,0,0,0,1500,1702.3438,1662.578125,
p30,14,1,main_p_far_vs_p_pre,rr_count,128.0,1132.659912109375,1144.53125,93.29541058232577,7.8125,143.31741679426685,143.88392947785002,0.08236424375010662,46.53666338582677,143.88392947785002,101.34071727736486,86.83884162384408,0.982651921608247,25,0.0078125,4.420714901631731,18.0,5.2421875,2.4111630299536335,10.995296610422487,10.995296610422487,0.0,0.0,17,-1.0,119.9453125,0.0,0.0,0.09341169821859835,1.637362605155529,0.0009063498734999227,30,8.265625,46.53666338582677,7.8125,882.8125,7.8125,123,16,29,4,6,19,83,0.046875,25,25,1,0,1,1536,1740.8906,1662.578125,
p30,14,1,main_p_far_vs_p_pre,rr_count,200.0,1132.8515625,1132.8125,87.2356466226577,7.8125,129.8323455517774,130.15950051252545,0.07726646208144611,39.84767587939699,130.15950051252545,91.80533195701688,82.08948190371002,1.121881804266832,17,0.01,3.4940482167665725,20.0,1.8203125,2.4111630299536335,12.092530171509937,12.092530171509937,0.0,0.0,24,-1.0,137.421875,0.0,0.0,0.14221308527296944,1.3778500762083516,0.00023752861258405486,22,22.8359375,39.84767587939699,7.8125,859.375,7.8125,104,17,15,4,5,12,68,0.04,22,22,0,0,0,1400,1589.0234,1662.578125,
p30,14,1,main_p_far_vs_p_pre,time,300.0,1130.0895406263298,1144.53125,94.61489144862483,11.71875,145.79440042802895,146.0705092084867,0.08311471656555797,49.888913170163164,146.0705092084867,103.09220920168615,95.51239493890688,1.1838832897300482,36,0.011350214617002275,4.420714901631731,32.5,32.859375,2.4111630299536335,12.092530171509937,12.092530171509937,0.0,0.0,37,-1.0,137.421875,0.0,0.0,0.07464594846842014,1.7712232149328435,0.00036799633836548,33,32.859375,49.888913170163164,7.8125,882.8125,7.8125,146,16,24,4,6,12,94,0.04946143280560977,24,24,3,0,2,1589,1798.1562,1662.578125,
p31,15,0,main_p_far_vs_p_pre,full_record,1800.0,733.2384627139364,734.375,54.234294460521845,7.8125,85.4671676203449,85.48459383655668,0.07396542491754235,20.52015389319201,85.48459383655668,60.43441379315319,47.227100490492916,1.279655392041673,54,0.022004889975550123,14.313724814188502,121.0,88.234375,13.909529085869341,5.168937684747041,13.909529085869341,0.0,0.0,56,187.0,137.203125,41.06135391198044,0.022819885900570498,0.00429464240568222,2.7102252048446895,-0.00020598194518143726,38,88.234375,20.52015389319201,7.8125,1031.25,7.8125,95,28,73,3,5,1,54,0.022004889975550123,24,24,0,0,0,2454,1799.3672,,112.03938806931681
p31,15,0,main_p_far_vs_p_pre,rr_count,50.0,734.53125,734.375,12.16057006417521,7.8125,9.60080944982436,9.694950469150278,0.016889680644687793,6.855867346938775,9.694950469150278,6.788797466850691,16.626842434734556,1.0540925533894598,54,0.0,14.313724814188502,-1.0,0.4453125,13.909529085869341,5.168937684747041,13.909529085869341,0.0,0.0,39,-1.0,11.1171875,0.0,0.0,0.0893148216392457,2.710218181045166,-0.0013049582042342117,39,0.4453125,6.855867346938775,7.8125,1031.25,7.8125,101,20,19,3,5,26,55,0.0,25,25,0,0,0,2450,1796.4609,,78.15366312731882
p31,15,0,main_p_far_vs_p_pre,rr_count,100.0,734.0234375,734.375,43.40283704432878,7.8125,73.21995480528236,73.59253507485344,0.05947576705114323,17.36111111111111,73.59253507485344,51.77432656098769,34.600883707420294,1.3825360919702017,54,0.02,14.313724814188502,20.0,0.4453125,13.909529085869341,5.168937684747041,13.909529085869341,0.0,0.0,39,-1.0,48.1953125,0.0,0.0,0.1021647037981254,2.7102252046758566,0.0007778276694549681,39,0.4453125,17.36111111111111,7.8125,1031.25,7.8125,91,42,22,3,5,20,55,0.02,25,25,0,0,0,2400,1759.7109,,79.78583300245512
p31,15,0,main_p_far_vs_p_pre,rr_count,128.0,733.3984375,734.375,43.4150428830191,7.8125,73.15319191230593,73.44288269037897,0.05976407852422995,15.871062992125983,73.44288269037897,51.72711806663242,33.076232457603815,1.4406036808284934,54,0.015625,14.313724814188502,27.0,2.59375,13.813724814188502,5.168937684747041,13.813724814188502,0.0,0.0,53,-1.0,4.296875,0.0,0.0,0.09208573814791177,2.7102252035469774,-0.0002619679820251032,39,2.59375,15.871062992125983,7.8125,1031.25,7.8125,90,23,22,3,5,16,54,0.015625,24,24,0,0,0,2432,1783.1641,,107.00080828231121
p31,15,0,main_p_far_vs_p_pre,rr_count,200.0,732.24609375,734.375,52.232109745332075,7.8125,88.3168615311933,88.53959426943337,0.07104868363742706,22.848618090452263,88.53959426943337,62.44945168182011,39.434471512836055,1.537839906470278,54,0.025,14.313724814188502,60.5,0.4453125,13.909529085869341,5.168937684747041,13.909529085869341,0.0,0.0,50,-1.0,70.3828125,0.0,0.0,0.15130440579586202,2.7102252046758566,0.0006317376996828086,39,0.4453125,22.848618090452263,7.8125,1031.25,7.8125,91,42,24,3,5,12,55,0.0275,25,25,0,0,0,2400,1759.7109,,102.28952949032708
p31,15,0,main_p_far_vs_p_pre,time,300.0,733.7744742227576,734.375,55.11400821230283,7.8125,91.00644037755816,91.1178796450169,0.07536999014642581,22.469811152401554,91.1178796450169,64.3512711226206,43.91419494181029,1.4734052080645872,54,0.023139697197465905,14.313724814188502,56.0,17.328125,13.909529085869341,5.168937684747041,13.909529085869341,0.0,0.0,56,76.5,110.4453125,1.8191557949029127,0.006067961165048544,0.1572389550694903,2.7102252048446895,0.0003159242794575387,39,17.328125,22.469811152401554,7.8125,1031.25,7.8125,92,31,56,3,5,6,55,0.024338737964852,25,25,0,0,0,2454,1799.3672,,112.03938806931681
p32,15,1,main_p_far_vs_p_pre,full_record,1800.0,658.1931236283833,656.25,59.52128264641781,7.8125,74.82824683248639,74.84193767787683,0.09043133467924773,18.680822356384926,74.84193767787683,52.91156075955192,65.46703684861383,0.8082168264603875,104,0.038039502560351136,62.534269875474926,51.0,34.75,447.01530076376577,493.6305372613304,493.6305372613304,438.2105783165417,4.804722447224046,1958,38.0,26.2578125,1288.7421360643746,0.7161667885881492,1.2507997550446874,19.32792209023694,0.0005615804444453786,718,23.4765625,18.680822356384926,7.8125,1468.75,7.8125,138,118,239,4,5,3,73,0.026700804681784932,18,18,0,0,0,2734,1799.5,1773.7421875,
p32,15,1,main_p_far_vs_p_pre,rr_count,50.0,655.078125,656.25,9.908520391381046,7.8125,8.314460524912693,8.39677083499699,0.015026771965272308,6.377551020408164,8.39677083499699,5.879211419073627,12.66630427507455,0.6986908986307954,79,0.0,62.534269875474926,-1.0,0.4375,293.87371498277304,85.82379919234187,293.87371498277304,0.0,0.4982407670548326,854,11.5,1.296875,6.5064062499999995,0.2,-0.3232462120723748,19.47538057388015,0.0008096026174684652,608,0.4375,6.377551020408164,7.8125,1468.75,3.90625,98,21,22,4,5,58,57,0.0,18,18,0,0,0,2700,1773.3984,1773.7421875,
p32,15,1,main_p_far_vs_p_pre,rr_count,100.0,656.40625,656.25,30.399875210268114,7.8125,49.316918993921654,49.56732617397845,0.046887384346479315,13.178661616161616,49.56732617397845,34.872327847829645,25.48021659671787,1.2351351986455792,79,0.02,62.534269875474926,27.0,3.109375,293.87371498277304,162.82404749357372,293.87371498277304,0.0,0.5694180194912373,1171,20.0,2.4296875,31.09875,0.48,-0.23342776920204128,19.32792567370787,-0.0016793230341587003,651,1.828125,13.178661616161616,7.8125,1468.75,7.8125,95,39,25,4,5,46,61,0.02,19,19,0,0,0,2700,1773.3984,1773.7421875,
p32,15,1,main_p_far_vs_p_pre,rr_count,128.0,656.06689453125,656.25,32.0132309451449,7.8125,52.219515204649895,52.425743940645475,0.049304829460918784,12.672244094488189,52.425743940645475,36.924773311481964,25.91518816552188,1.3613417719149694,72,0.015625,62.534269875474926,51.0,1.703125,242.37122084497224,208.810075871696,242.37122084497224,0.0,1.8447201102712762,1210,18.0,2.5859375,39.9493408203125,0.4765625,-0.3491766413026751,19.327922090767803,-0.0006097418826318811,626,1.703125,12.672244094488189,7.8125,1468.75,7.8125,85,39,25,4,5,39,54,0.015625,18,18,0,0,0,2688,1763.9922,1773.7421875,
p32,15,1,main_p_far_vs_p_pre,rr_count,200.0,652.6171875,656.25,28.636787511713827,7.8125,45.16891020514667,45.28276103728705,0.04387991622073825,10.482097989949748,45.28276103728705,31.93924270486546,24.900119947939938,1.3090147777466974,45,0.015,31.47537073876766,38.0,3.109375,82.25672194812587,309.7657033831491,309.7657033831491,0.0,2.2555150456012383,1363,28.0,4.390625,74.142578125,0.555,-0.32165311851318884,12.293337035431275,-0.0009658911506484711,574,2.5078125,10.482097989949748,7.8125,703.125,7.8125,71,39,48,4,5,28,40,0.01,18,18,0,0,0,2600,1701.8359,1773.7421875,
p32,15,1,main_p_far_vs_p_pre,time,300.0,655.5167919517357,656.25,38.88978628217235,7.8125,53.80009458133148,53.860170300650594,0.05930001556382297,12.201083865049089,53.860170300650594,38.042411706937116,32.698805559606896,1.1811172770367664,104,0.014276487656284642,62.534269875474926,112.5,34.75,447.01530076376577,418.6779462192586,447.01530076376577,3.1877832292810746,19.94832767248595,1535,36.0,8.9609375,145.83266095459422,0.48639300198057156,-0.4367554543126825,19.32792209023694,-0.0020426620604161298,713,8.328125,12.201083865049089,7.8125,1468.75,7.8125,118,71,64,4,5,15,79,0.014276487656284642,19,19,0,0,0,2734,1799.5,1773.7421875,
p33,16,0,main_p_far_vs_p_pre,full_record,1800.0,567.3215271207821,578.125,81.20093510544562,23.4375,122.23425751431111,122.2535415307502,0.1431303612213503,81.57531545741325,122.2535415307502,86.43267238167208,75.60804764679567,1.1431676266188466,22,0.006937874487543362,8.182825781585302,1075.0,612.4609375,13.899647983713868,46.13229778053799,46.13229778053799,9.034338061297303,0.0,243,90.0,50.1796875,137.85913109035005,0.07663197729422895,0.4021498456859516,2.515862037620364,0.00014928721164760554,79,49.5234375,81.57531545741325,54.6875,640.625,46.875,194,17,18,4,6,4,256,0.08073163040050457,14,14,3,8,10,3171,1798.9766,,486.2764751915061
p33,16,0,main_p_far_vs_p_pre,rr_count,50.0,569.21875,578.125,77.48847840623976,23.4375,120.23565495814579,121.46627230901134,0.13406638271174345,83.54591836734694,121.46627230901134,85.01944696131082,64.6383634117818,1.289622479133111,22,0.0,8.182825781585302,-1.0,0.671875,13.899647983713868,46.13229778053799,46.13229778053799,0.0,0.0,65,-1.0,0.9375,0.0,0.0,0.12313192020775618,2.5159024811939004,0.0011672370266067416,76,0.671875,83.54591836734694,54.6875,640.625,39.0625,169,11,18,4,6,24,248,0.06,9,9,4,8,12,3150,1786.3906,,130.9903892239469
p33,16,0,main_p_far_vs_p_pre,rr_count,100.0,568.28125,578.125,77.34522464414029,23.4375,120.20012297337993,120.81118147503115,0.13588793354764087,84.67487373737374,120.81118147503115,84.99432205393386,66.81566638257623,1.2658099609225015,21,0.0,8.182825781585302,-1.0,0.671875,13.899647983713868,46.13229778053799,46.13229778053799,0.0,0.0,65,-1.0,0.9375,0.0,0.0,0.07145218032696043,2.5158620380766195,4.964396139320367e-05,77,0.671875,84.67487373737374,54.6875,640.625,39.0625,186,9,18,4,6,25,244,0.06,8,8,3,9,10,3100,1756.1484,,133.24614252417393
p33,16,0,main_p_far_vs_p_pre,rr_count,128.0,567.718505859375,578.125,80.07450912466159,23.4375,117.92026566248282,118.38343313114328,0.14223521781125067,80.21653543307087,118.38343313114328,83.38221948926078,66.44912211682393,1.301712584256569,19,0.0,6.35769588958412,-1.0,0.609375,6.906623403906096,25.25677982348058,25.25677982348058,0.04513224637051527,0.0,84,-1.0,1.4609375,0.0,0.0,0.156026887813769,2.3332809717310616,0.0005304187932236019,67,0.609375,80.21653543307087,50.78125,539.0625,39.0625,187,8,13,4,6,23,239,0.06640625,10,10,3,9,11,3072,1739.0547,,173.88757236905775
p33,16,0,main_p_far_vs_p_pre,rr_count,200.0,565.1953125,578.125,74.23294379616843,23.4375,117.7670968387729,118.06410738802211,0.13220287827100738,81.14792713567839,118.06410738802211,83.27391277534913,64.39614482039488,1.2329904339858786,18,0.0,6.35769588958412,-1.0,0.671875,6.906623403906096,46.13229778053799,46.13229778053799,0.0,0.0,43,-1.0,0.9375,0.0,0.0,0.07145218033441486,2.515862037620364,-0.00023866670432780304,66,0.671875,81.14792713567839,54.6875,539.0625,39.0625,191,7,18,4,6,19,237,0.07,10,10,3,9,10,3000,1696.7812,,91.23156244305395
p33,16,0,main_p_far_vs_p_pre,time,300.0,570.0650511264444,578.125,79.00336211772208,23.4375,117.61040744980747,117.72263691185859,0.13953620084465404,81.87058302262815,117.72263691185859,83.1631166458717,71.12329978135286,1.2132377715942697,22,0.0055366089848848474,8.182825781585302,17.0,7.2734375,13.899647983713868,46.13229778053799,46.13229778053799,0.2872125747903481,0.0,243,76.5,35.3984375,6.790558987899917,0.02264507614937404,0.17671732192569845,2.515862038252174,-7.814455975241067e-05,79,7.2734375,81.87058302262815,54.6875,640.625,39.0625,201,17,18,4,6,13,254,0.07741912472803794,12,12,3,8,10,3171,1798.9766,,486.2764751915061
p34,16,1,main_p_far_vs_p_pre,full_record,1800.0,581.1177729328166,601.5625,125.73583094293423,70.3125,192.41909732481557,192.45015057612926,0.2163689303604738,149.77534329563812,192.45015057612926,136.06084854817135,114.48337808682905,1.1884768847838945,25,0.008074935400516795,9.691956976169314,40.0,22.4296875,10.498271825308231,4.924938251891797,10.498271825308231,7.534733438893872,0.0,79,664.0,375.953125,45.908304061692505,0.025516795865633074,0.5706674118250169,1.9883558520212707,-8.536699457879204e-05,36,22.4296875,149.77534329563812,109.375,1242.1875,70.3125,35,8,27,6,7,4,659,0.21285529715762275,37,37,11,39,13,3096,1799.1406,1424.046875,
p34,16,1,main_p_far_vs_p_pre,rr_count,50.0,580.625,609.375,118.43153456787614,74.21875,188.04727210612793,189.94620933361756,0.2020999228187015,142.53826530612244,189.94620933361756,132.96950128987496,100.13182378687209,1.338414179457038,25,0.0,9.691956976169314,-1.0,1.03125,10.498271825308231,4.924938251891797,10.498271825308231,0.8862830658907046,0.0,24,-1.0,10.328125,0.0,0.0,0.3205796392670077,1.9883573906557626,2.5027758147864684e-05,32,2.3125,142.53826530612244,109.375,1242.1875,62.5,40,5,6,6,7,15,631,0.18,19,19,10,50,13,3050,1771.0078,1424.046875,
p34,16,1,main_p_far_vs_p_pre,rr_count,100.0,585.390625,609.375,119.3688080204862,70.3125,185.28203826533155,186.2135212561538,0.1994926852423844,149.6606691919192,186.2135212561538,131.01418568948134,96.55663829641227,1.3088182912204367,24,0.0,9.691956976169314,-1.0,6.6484375,10.498271825308231,4.924938251891797,10.498271825308231,0.7713609307009207,0.0,27,-1.0,14.234375,0.0,0.0,0.2216665650510026,1.9883573906557626,-0.0004398815824031213,35,4.6796875,149.6606691919192,109.375,1242.1875,54.6875,30,6,8,6,7,15,608,0.19,14,14,9,49,12,3000,1742.7891,1424.046875,
p34,16,1,main_p_far_vs_p_pre,rr_count,128.0,583.709716796875,607.421875,116.97675579190636,70.3125,184.14609551073556,184.87400602694595,0.20288435596370513,148.06840551181102,184.87400602694595,130.21095286466675,101.19566630147766,1.2759693217378731,25,0.0,9.691956976169314,-1.0,2.515625,10.498271825308231,4.924938251891797,10.498271825308231,0.8917987351619656,0.0,43,-1.0,6.1640625,0.0,0.0,0.3042395430736032,1.9867732816382753,0.0012368443062884084,36,6.1640625,148.06840551181102,109.375,1242.1875,58.59375,25,6,12,6,7,17,637,0.1953125,21,21,11,45,13,3072,1784.3594,1424.046875,
p34,16,1,main_p_far_vs_p_pre,rr_count,200.0,580.1953125,609.375,118.29838830767504,66.40625,186.16700580797752,186.63593483639877,0.20215873387536396,137.87688442211055,186.63593483639877,131.63995224001627,99.89221025543368,1.3235080753985593,24,0.0,9.691956976169314,-1.0,13.265625,10.498271825308231,4.924938251891797,10.498271825308231,0.8597517921464932,0.0,50,-1.0,14.234375,0.0,0.0,0.1839569987926677,1.9883573906557626,-0.0010553898429234978,34,13.265625,137.87688442211055,101.5625,1242.1875,62.5,25,6,10,6,7,14,609,0.185,16,16,9,48,12,3000,1742.7891,1424.046875,
p34,16,1,main_p_far_vs_p_pre,time,300.0,583.0603818762279,609.375,117.42077019343411,62.5,183.37204520982164,183.55068767306557,0.20403174131444324,145.25472801340175,183.55068767306557,129.66361664791106,108.67335968390513,1.2599661318628552,25,0.005704164256795836,9.691956976169314,80.0,15.96875,10.498271825308231,4.924938251891797,10.498271825308231,1.2697993094642792,0.0,68,153.5,65.578125,7.002441214390963,0.023347060601481034,0.2560502539000955,1.9883558520212707,0.00019634845406274823,36,15.96875,145.25472801340175,101.5625,1242.1875,70.3125,25,6,11,6,7,14,645,0.21246325538797878,19,19,11,46,13,3096,1799.1406,1423.359375,
p35,17,0,main_p_far_vs_p_pre,full_record,1800.0,983.3370352651722,984.375,44.855104034301945,23.4375,30.273678761744225,30.28192619527007,0.045615188308458315,9.192936269146609,30.28192619527007,21.406723543892504,59.71359060525049,0.35848997400618976,23,0.012575177692728267,12.13732625620991,177.0,169.21875,1028.8675587497864,60.91982574844555,1028.8675587497864,926.4060921172728,60.91982574844555,1344,177.0,169.21875,1321.6049753963914,0.7348277747402953,-2.0060567819422106,4.050248791649736,0.0010495581152120492,907,169.21875,9.192936269146609,7.8125,476.5625,7.8125,31,394,150,8,6,4,8,0.004373974849644614,0,0,0,1,0,1829,1798.5234,,2690.206866366042
p35,17,0,main_p_far_vs_p_pre,rr_count,50.0,978.4375,984.375,11.500920792908275,7.8125,8.644751910588873,8.726953497231248,0.011617357216315835,6.696428571428571,8.726953497231248,6.112762697652755,15.28788806834083,0.433626709971594,23,0.0,12.13732625620991,-1.0,2.578125,103.39272587642405,26.125442839091875,103.39272587642405,15.767881038996936,0.0,905,4.0,4.171875,30.409062499999997,0.62,0.8220685430296113,4.052180740156296,-0.004836253634326508,816,2.09375,6.696428571428571,7.8125,476.5625,0.0,38,19,25,8,6,68,6,0.0,0,0,0,0,0,1800,1773.5,,1837.0453904708204
p35,17,0,main_p_far_vs_p_pre,rr_count,100.0,975.9765625,980.46875,14.487712681909356,7.8125,8.795747442481828,8.838187630080597,0.014820936527820747,6.786616161616162,8.838187630080597,6.219532662183132,19.66719775412739,0.4114761105821002,23,0.0,12.13732625620991,-1.0,2.578125,169.80642008810142,26.125442839091875,169.80642008810142,32.98433324985862,0.0,1120,5.5,4.203125,77.9510546875,0.79,0.8776284228694307,4.052180740156296,0.0004378919047611206,847,2.09375,6.786616161616162,7.8125,476.5625,7.8125,39,37,31,8,6,41,6,0.0,0,0,0,0,0,1800,1773.5,,2273.470538483225
p35,17,0,main_p_far_vs_p_pre,rr_count,128.0,978.363037109375,980.46875,16.461898166054073,7.8125,8.982962911475447,9.018105867648007,0.017044904900083015,6.828248031496063,9.018105867648007,6.35191398985154,20.637381702913174,0.4400855795967058,23,0.0,12.13732625620991,-1.0,15.3359375,234.58056601837856,26.125442839091875,234.58056601837856,39.63028015063593,0.0,1121,8.5,3.1796875,110.06591796875,0.87890625,0.7592477344323005,4.050982143440054,-0.0005727783987587412,848,2.1171875,6.828248031496063,7.8125,476.5625,7.8125,37,40,29,8,6,34,6,0.0,0,0,0,0,0,1792,1766.4531,,2284.578062106489
p35,17,0,main_p_far_vs_p_pre,rr_count,200.0,973.203125,984.375,25.099421497017108,7.8125,8.453595294207146,8.474093325446608,0.02541713569318188,6.5954773869346734,8.474093325446608,5.977594557940559,29.7053160803116,0.414917032045453,23,0.0,12.13732625620991,-1.0,49.9453125,332.769798607452,26.125442839091875,332.769798607452,35.55886782128791,0.0,1172,7.0,5.1328125,169.33734375,0.87,0.9203529503508373,4.0502487916502385,0.0010232261501767375,857,3.0859375,6.5954773869346734,7.8125,476.5625,7.8125,37,42,46,8,6,24,7,0.0,0,0,0,0,0,1800,1773.5,,2379.0245277699464
p35,17,0,main_p_far_vs_p_pre,time,300.0,978.5947116404923,980.46875,27.024912565264366,7.8125,19.321319330754264,19.352392594764048,0.027986116579654004,8.522273359980934,19.352392594764048,13.662235920247063,35.25570041197993,0.36313041932110623,23,0.007936507936507936,12.13732625620991,38.0,74.6640625,445.937233283201,60.91982574844555,445.937233283201,105.1315241441581,0.0,1206,58.0,6.125,239.51400463577036,0.797973259762309,0.620090842584827,4.050248791649736,0.0040720338138614184,898,4.0625,8.522273359980934,7.8125,476.5625,7.8125,36,52,43,8,6,18,7,0.0031746031746031746,0,0,0,0,0,1829,1798.5234,,2413.9802684802435
p36,17,1,main_p_far_vs_p_pre,full_record,1800.0,849.9904050543222,851.5625,50.89112096396122,31.25,32.14542979435049,32.15221303825394,0.059872582868401684,10.603733459357278,32.15221303825394,22.730251391741316,68.28724666879833,0.33286232057335496,138,0.06518658478979689,11.078100358456544,227.0,198.265625,51.47281535310534,953.8858406010086,953.8858406010086,0.0,764.0123148124037,2027,6.0,6.546875,1722.930551045111,0.9574870099196977,-4.108565859738464,4.567700859561477,0.0009711203611403844,1001,3.7421875,10.603733459357278,7.8125,421.875,7.8125,47,136,193,5,6,4,10,0.004723665564478035,0,0,0,0,0,2117,1799.4297,1793.453125,
p36,17,1,main_p_far_vs_p_pre,rr_count,50.0,855.703125,855.46875,18.54672298445379,7.8125,9.632701803794017,9.600754659909128,0.021187377478422614,7.334183673469388,9.600754659909128,6.811348766610637,24.329857936922224,0.3935553718814523,135,0.0,8.58467066134544,-1.0,0.734375,45.49133539541185,154.0594201237912,154.0594201237912,0.0,11.010750651248273,1010,5.0,2.21875,24.406640625,0.56,-0.7075008935866735,4.453675390220491,-0.0047407275343226765,902,1.4765625,7.334183673469388,7.8125,421.875,3.90625,53,25,24,5,6,76,8,0.0,0,0,0,0,0,2100,1785.2109,1793.453125,
p36,17,1,main_p_far_vs_p_pre,rr_count,100.0,859.375,859.375,25.20177314933576,11.71875,13.62246437577254,13.689722564190564,0.02909636765259527,8.443813131313131,13.689722564190564,9.63253693658093,29.225581393647538,0.3510972786016119,135,0.01,8.58467066134544,0.0,0.7421875,51.47281535310534,280.8988993874529,280.8988993874529,0.0,14.523184945727133,1236,6.0,2.2265625,58.723437499999996,0.71,-0.7374853864366085,4.56769942284133,-0.0032910527213223543,960,1.4765625,8.443813131313131,7.8125,421.875,7.8125,61,37,41,5,6,45,8,0.0,0,0,0,0,0,2100,1785.2109,1793.453125,
p36,17,1,main_p_far_vs_p_pre,rr_count,128.0,855.52978515625,855.46875,29.49171332165835,15.625,22.836119296321094,22.92463344680327,0.0346925746243138,10.119340551181102,22.92463344680327,16.147574810413616,35.3447088247685,0.45756215890937724,135,0.0078125,8.58467066134544,17.5,0.703125,51.47281535310534,383.4293362819403,383.4293362819403,0.0,47.76796565171232,1201,7.0,1.40625,88.55377197265625,0.80859375,-0.8683825502450553,4.528866170046549,0.006222117432025607,947,0.703125,10.119340551181102,7.8125,421.875,7.8125,54,62,51,5,6,38,7,0.0,0,0,0,0,0,2048,1738.1641,1793.453125,
p36,17,1,main_p_far_vs_p_pre,rr_count,200.0,844.765625,857.421875,33.346870508270676,15.625,29.216236518054238,29.288965830314815,0.03961485677449555,9.696922110552764,29.288965830314815,20.658998962666196,38.9634359401356,0.5732565667759859,134,0.0075,8.58467066134544,31.0,0.7421875,51.47281535310534,305.35785141309304,305.35785141309304,0.0,75.163436222055,1486,8.0,2.2265625,152.322265625,0.8975,-0.7634572003269178,4.56769942284133,0.0046851184092291725,974,1.4765625,9.696922110552764,7.8125,421.875,7.8125,50,98,79,5,6,26,8,0.005,0,0,0,0,0,2000,1695.2969,1793.453125,
p36,17,1,main_p_far_vs_p_pre,time,300.0,857.5228430136403,851.5625,41.161501563472605,15.625,30.444514806116366,30.486778156359158,0.0475713264721033,10.257523602304119,30.486778156359158,21.52752286933913,51.78096600668169,0.43108514677090426,138,0.008467491520565614,11.078100358456544,116.5,42.6484375,51.47281535310534,524.546262974706,524.546262974706,0.0,111.56248146354564,1507,17.0,3.953125,243.910780189848,0.8135792081882811,-0.705679938505079,4.567700859561477,0.0034435013180168696,982,2.3828125,10.257523602304119,7.8125,421.875,7.8125,48,118,176,5,6,18,11,0.004210271658121259,0,0,0,0,0,2117,1799.4297,1793.453125,
p37,18,0,main_p_far_vs_p_pre,full_record,1800.0,770.8132497857755,765.625,47.30850721071382,15.625,65.22021821913876,65.23419909631889,0.06137479762298041,19.770681525932275,65.23419909631889,46.11765857321943,48.47010704275661,0.9514659939277207,33,0.014138817480719794,8.490986613782876,27.0,21.9140625,9.607206790195074,31.291546227888684,31.291546227888684,0.0,21.846977569279176,219,617.0,478.7734375,168.80810170308482,0.09383033419023136,-0.38343231487230317,2.8382873851208323,-0.00012244980011879108,127,21.9140625,19.770681525932275,7.8125,757.8125,7.8125,50,34,47,8,8,4,33,0.014138817480719794,12,12,0,0,0,2334,1799.0781,,438.2244439527111
p37,18,0,main_p_far_vs_p_pre,rr_count,50.0,770.546875,765.625,22.118381338112854,15.625,15.684663017348488,15.845157182175823,0.02866164628732626,12.436224489795919,15.845157182175823,11.09073158019297,29.22829924519322,0.4761928896109616,33,0.0,8.490986613782876,-1.0,1.984375,7.47516773468802,25.246578136070625,25.246578136070625,0.0,0.0,126,-1.0,4.9140625,0.0,0.0,-0.23349935049961268,2.838339763801137,-0.0015484212589186811,113,1.984375,12.436224489795919,7.8125,757.8125,7.8125,62,20,25,6,8,56,33,0.0,12,12,0,0,0,2300,1773.1797,,255.81163601184923
p37,18,0,main_p_far_vs_p_pre,rr_count,100.0,770.78125,769.53125,40.98609672418616,15.625,51.57182537343898,51.834036370762384,0.05343471563145069,19.886363636363637,51.834036370762384,36.466787439727156,38.893415619702516,0.5541617306549604,33,0.02,8.490986613782876,2.0,2.0234375,9.607206790195074,25.246578136070625,25.246578136070625,0.0,0.0,169,-1.0,4.9140625,0.0,0.0,-0.2299691928294908,2.838287385213861,-0.005117156496399697,116,2.0234375,19.886363636363637,7.8125,757.8125,7.8125,60,24,33,8,8,38,33,0.02,12,12,0,0,0,2300,1773.1797,,343.11243242859143
p37,18,0,main_p_far_vs_p_pre,rr_count,128.0,770.965576171875,765.625,47.671117961595016,15.625,64.80947815390869,65.0655273115068,0.06177354307822491,20.238681102362207,65.0655273115068,45.82722148779024,42.15501614670701,0.8612326911045531,33,0.015625,8.490986613782876,26.0,6.84375,9.607206790195074,27.115122754123277,27.115122754123277,0.0,0.0,169,-1.0,6.4453125,0.0,0.0,-0.3296700962510547,2.838287385122827,-0.0008947875370344653,119,3.5703125,20.238681102362207,7.8125,757.8125,7.8125,56,24,29,8,8,32,33,0.015625,12,12,0,0,0,2304,1776.1094,,342.54646701379994
p37,18,0,main_p_far_vs_p_pre,rr_count,200.0,771.25,765.625,43.847040367879515,15.625,64.96399273258066,65.12778903710814,0.057057095177030226,19.62939698492462,65.12778903710814,45.93647979416138,44.682792814861834,0.9699839330188997,29,0.01,8.490986613782876,53.0,12.8828125,9.607206790195074,21.802593151020805,21.802593151020805,0.0,0.0,154,-1.0,4.9140625,0.0,0.0,-0.23703036073737602,2.824756515045096,-0.002884357014668486,96,2.7890625,19.62939698492462,7.8125,757.8125,7.8125,48,25,35,8,8,23,29,0.01,11,11,0,0,0,2200,1697.7578,,326.54834511730706
p37,18,0,main_p_far_vs_p_pre,time,300.0,770.3793679141124,765.625,47.36668432524813,15.625,63.82746257225526,63.90999526202528,0.06171469851579836,19.032796223958336,63.90999526202528,45.13283161077224,46.3880020905447,0.9328034601397149,33,0.01286743946590494,8.490986613782876,85.5,6.625,9.607206790195074,31.291546227888684,31.291546227888684,0.0,0.0,219,150.0,101.8984375,24.584347201493763,0.08189402954654534,-0.27229882305911685,2.8382873851208323,-0.0007795364777126398,127,6.625,19.032796223958336,7.8125,757.8125,7.8125,50,25,49,8,8,16,33,0.01286743946590494,12,12,0,0,0,2334,1799.0781,,438.2244439527111
p38,18,1,main_p_far_vs_p_pre,full_record,1800.0,742.6904921584812,750.0,78.81289653474138,7.8125,145.7817043547094,145.81180895627122,0.10611809006156452,59.8711034269199,145.81180895627122,103.08323172214746,42.38859113145603,2.431862653855714,364,0.1502269913330582,42.393304099771356,515.0,383.921875,237.76473886038715,537.3581504965551,537.3581504965551,11.412020634773057,460.6903126512905,2068,26.0,19.859375,1535.8839377837392,0.8534874122988031,-0.4123309372259991,20.632349479463397,-0.0016062716778107533,839,16.9296875,59.8711034269199,7.8125,640.625,7.8125,290,19,34,4,6,4,184,0.07593891869583161,31,31,16,3,2,2423,1799.5391,1780.140625,
p38,18,1,main_p_far_vs_p_pre,rr_count,50.0,746.171875,750.0,11.409375820236036,7.8125,13.299443543604529,13.409287471318528,0.01522976106256985,10.443239795918368,13.409287471318528,9.40412671569041,13.139415421716013,0.8135683403068563,352,0.02,42.393304099771356,0.0,0.46875,59.56893288204097,313.60108046095166,313.60108046095166,5.8570167257516985,0.0,1160,6.5,0.46875,18.013125,0.48,0.29695765089961773,20.63391753546363,0.005210720956200622,774,0.46875,10.443239795918368,7.8125,640.625,7.8125,28,24,24,4,5,86,219,0.0,73,73,11,2,0,2400,1782.9609,1780.140625,
p38,18,1,main_p_far_vs_p_pre,rr_count,100.0,746.3671875,750.0,11.499100087294671,7.8125,13.382709599581062,13.45023168758382,0.015391614870421769,10.811237373737374,13.45023168758382,9.463004708514074,13.88304284799296,0.7669790521109631,352,0.02,42.393304099771356,11.0,0.46875,84.53196420625807,313.60108046095166,313.60108046095166,14.172451310491793,0.11036528744870505,1450,12.0,0.46875,54.7044921875,0.7350000000000001,0.35071448689757156,20.63391753546363,-0.005257941094065211,802,0.46875,10.811237373737374,7.8125,640.625,7.8125,51,19,34,4,6,59,194,0.0,50,50,11,2,0,2400,1782.9609,1780.140625,
p38,18,1,main_p_far_vs_p_pre,rr_count,128.0,745.9716796875,750.0,12.420579826613114,7.8125,13.180737905722673,13.231717668776813,0.016644948286611415,10.61146653543307,13.231717668776813,9.320189154179074,15.076229732532653,0.7182032906056169,322,0.015625,42.393304099771356,2.5,0.515625,84.53196420625807,313.60108046095166,313.60108046095166,15.258903047020894,0.0,1398,18.0,1.3984375,64.88543701171875,0.6796875,0.565765726138911,20.632554933655193,-0.0021007857884153317,767,0.515625,10.61146653543307,7.8125,640.625,7.8125,22,19,34,4,6,48,172,0.0,38,38,6,1,0,2304,1712.2578,1780.140625,
p38,18,1,main_p_far_vs_p_pre,rr_count,200.0,745.1953125,750.0,13.105068444162207,7.8125,13.222068907470009,13.25465812405593,0.017472025763005723,10.599874371859297,13.25465812405593,9.349414585787848,15.989351500260291,0.6838664262216685,352,0.025,42.393304099771356,27.5,0.46875,85.1915956469103,491.65584310128065,491.65584310128065,17.319449209712054,0.2207305748974101,1640,20.0,0.46875,97.8873046875,0.66,0.4189780233746486,20.63391753546363,-0.006124718297167005,817,0.46875,10.599874371859297,7.8125,640.625,7.8125,64,19,34,4,6,35,145,0.0,1,1,11,2,0,2400,1782.9609,1780.140625,
p38,18,1,main_p_far_vs_p_pre,time,300.0,744.1260856079405,750.0,21.738221708918527,7.8125,22.415534494006444,22.443545730704567,0.029096063681505743,11.722119224855621,22.443545730704567,15.85017644463292,26.337196442971354,0.7032612618402856,364,0.026300125313283206,42.393304099771356,27.0,0.78125,103.6241538007634,506.8012003311614,506.8012003311614,25.662686698047963,0.210247965728165,1774,18.0,2.6796875,231.45212740384613,0.7708653846153846,0.10959930916560087,20.632349479463397,0.003800663682451594,834,1.28125,11.722119224855621,7.8125,640.625,7.8125,84,19,34,4,6,19,184,0.0024813895781637717,31,31,16,3,2,2423,1799.5391,1780.140625,
p39,19,0,main_p_far_vs_p_pre,full_record,1800.0,848.0006482791136,890.625,128.92881987786285,39.0625,181.36355256317162,181.40634118815296,0.15203858645568724,84.95356721698113,181.40634118815296,128.2433978775015,129.61061720024966,0.9894513323654975,189,0.0891089108910891,6.715945928413779,72.0,63.8203125,276.96489253869447,285.52867924364153,285.52867924364153,276.96489253869447,0.0,1949,172.0,147.796875,1652.7532634959925,0.918906176331919,1.0086943428511643,3.0460015196035277,-0.0002260068940764337,793,145.59375,84.95356721698113,15.625,898.4375,7.8125,278,47,482,6,6,4,158,0.07449316360207449,4,4,4,15,4,2121,1798.6094,,3901.013749844741
p39,19,0,main_p_far_vs_p_pre,rr_count,50.0,876.484375,898.4375,72.4607643845633,15.625,65.25619937045961,65.44845857353428,0.08452671825299571,25.589923469387756,65.44845857353428,46.1431010893133,69.50031207000734,0.6623510044875556,189,0.03,6.715945928413779,0.0,0.4765625,28.52129266046168,50.85103683872727,50.85103683872727,6.301387912598694,0.0,859,12.0,1.765625,19.67953125,0.46,0.648722884567331,3.045498087054342,0.003367869064026866,667,0.4765625,25.589923469387756,15.625,898.4375,7.8125,61,24,23,6,6,65,160,0.03,5,5,4,18,3,2100,1779.5391,,1737.7533317475295
p39,19,0,main_p_far_vs_p_pre,rr_count,100.0,879.453125,898.4375,72.9832623376031,15.625,107.24039853362872,107.78603799158911,0.08364843820928722,41.98232323232323,107.78603799158911,75.83041302027675,83.09284071655006,0.8505357396602352,189,0.03,6.715945928413779,6.0,0.484375,43.23686346353165,77.67006200577858,77.67006200577858,7.376812682267959,0.0,1143,15.0,4.15625,56.517890625,0.63,0.7705373853648306,3.0460015140035175,0.005843462815316057,709,0.484375,41.98232323232323,15.625,898.4375,7.8125,87,42,39,6,6,50,159,0.03,4,4,4,15,3,2100,1779.5391,,2312.2841189609153
p39,19,0,main_p_far_vs_p_pre,rr_count,128.0,878.326416015625,898.4375,72.77069096843104,15.625,105.73028670578714,106.14321257534144,0.0824386268745248,40.139025590551185,106.14321257534144,74.76260270645997,72.76706387769913,1.0660973691841726,186,0.03125,6.715945928413779,2.0,1.078125,63.87433410498774,110.12026965584265,110.12026965584265,7.399299084620089,0.15787631951212933,1319,16.0,5.828125,78.8040771484375,0.6953125,0.293768292337529,3.0460014463922533,-0.00018864380022577562,736,1.2734375,40.139025590551185,15.625,898.4375,7.8125,92,41,25,6,6,36,159,0.03125,7,7,3,15,4,2048,1733.2109,,2739.6550529424894
p39,19,0,main_p_far_vs_p_pre,rr_count,200.0,861.796875,898.4375,83.16693501919099,19.53125,100.71979512489372,100.9734406476805,0.09396714026973665,36.746231155778894,100.9734406476805,71.21965013253211,91.62735811262725,0.815149474665805,184,0.037500000000000006,6.715945928413779,34.5,0.484375,79.6356357160878,121.09450737941881,121.09450737941881,21.629771136977286,0.0,1383,14.5,4.15625,138.73126953125,0.815,0.869135563428677,3.0460015196035277,-0.0005985766300031913,733,0.484375,36.746231155778894,15.625,898.4375,7.8125,86,40,77,6,6,29,153,0.037500000000000006,4,4,3,14,4,2000,1690.9141,,2944.4428903869216
p39,19,0,main_p_far_vs_p_pre,time,300.0,868.6072200993744,902.34375,90.37794480656872,19.53125,121.80599588944003,121.98790305955399,0.10294119266201206,47.12445029317697,121.98790305955399,86.12984568260377,101.36687645192308,1.0135051163785427,189,0.046190107020967555,6.715945928413779,75.5,2.8203125,105.73162421528615,176.56634792841626,176.56634792841626,52.79018330094571,0.0,1649,26.0,8.7890625,261.76917509515863,0.873692948989685,0.7880948007803771,3.0460015196035277,0.004317115053720207,782,2.8203125,47.12445029317697,15.625,898.4375,7.8125,136,72,120,6,6,20,183,0.043222747970522446,27,27,4,11,4,2121,1798.6094,,3300.549858129286
p40,19,1,main_p_far_vs_p_pre,full_record,1800.0,847.0567031544256,875.0,111.2734682493436,23.4375,139.89642789396436,139.9293791729124,0.1313648399628537,57.447450541686294,139.9293791729124,98.92171282759708,122.38490186183003,0.8082836307641739,150,0.07062146892655367,8.171483666890818,16.0,14.6796875,5.837047010870013,579.6666086431397,579.6666086431397,0.0,579.6666086431397,678,590.0,521.53125,574.3044447387006,0.3192090395480226,-1.5870622819868783,5.025942726934262,-0.00228584898567619,446,14.6796875,57.447450541686294,15.625,960.9375,7.8125,192,50,120,6,8,4,150,0.07062146892655367,14,14,5,2,12,2124,1799.1484,1278.46875,
p40,19,1,main_p_far_vs_p_pre,rr_count,50.0,870.390625,875.0,48.756471745226996,15.625,54.326135786219226,54.87966334714317,0.056573752281930234,25.111607142857146,54.87966334714317,38.41437901009678,50.868160889659684,0.8436398495790329,141,0.01,8.171483666890818,-0.5,0.4140625,5.837047010870013,118.17306478554896,118.17306478554896,0.0,0.1314969086796542,478,-1.0,1.71875,0.0,0.0,-0.25679351247392307,5.025900493684,-0.0037112231658620173,395,0.4140625,25.111607142857146,15.625,960.9375,7.8125,74,20,20,6,8,53,148,0.01,23,23,3,0,8,2100,1781.3906,1278.4687625000001,
p40,19,1,main_p_far_vs_p_pre,rr_count,100.0,872.265625,875.0,63.592487748994856,15.625,78.85548640863503,79.25282034925591,0.07814745038278938,26.436237373737374,79.25282034925591,55.759249173309456,67.89437581538776,0.9020781967367786,141,0.02,8.171483666890818,12.0,0.4140625,5.837047010870013,211.87957879892866,211.87957879892866,0.0,1.4850879382330713,594,-1.0,1.75,0.0,0.0,-0.41081204372487706,5.0259427265180765,-0.0051975291523394425,403,0.4140625,26.436237373737374,15.625,960.9375,7.8125,80,33,36,6,8,42,155,0.02,26,26,3,0,12,2100,1781.3906,1278.4687125,
p40,19,1,main_p_far_vs_p_pre,rr_count,128.0,870.513916015625,878.90625,60.773623707018075,15.625,85.61127935343131,85.94983256101244,0.07017217943619333,30.72711614173228,85.94983256101244,60.536316176867146,61.00992583574944,0.9812821437905426,115,0.015625,8.171483666890818,24.0,5.5546875,5.837047010870013,249.60686698070035,249.60686698070035,0.0,2.3528356593963067,491,3.5,7.015625,2.59625244140625,0.0234375,-0.2897284400594693,5.025942676855957,0.0009522732172790889,363,4.71875,30.72711614173228,15.625,960.9375,7.8125,81,28,40,6,8,35,119,0.015625,17,17,3,0,8,2048,1746.0781,1278.4687374999999,
p40,19,1,main_p_far_vs_p_pre,rr_count,200.0,875.01953125,880.859375,63.65234600410713,15.625,83.77886868529183,83.99007003938976,0.0740588429674146,28.815954773869347,83.99007003938976,59.24060616750714,70.44380355342543,0.9210683353049404,93,0.0175,8.171483666890818,64.5,1.3203125,5.837047010870013,197.27615918069267,197.27615918069267,0.0,1.5606058178285394,543,17.0,1.8828125,5.2316015625,0.03,-0.4539003158501469,5.025942726934262,-0.002273520854230957,313,1.3203125,28.815954773869347,15.625,960.9375,7.8125,111,47,47,6,8,25,97,0.0175,17,17,2,0,7,2000,1713.3828,1278.4688,
p40,19,1,main_p_far_vs_p_pre,time,300.0,877.3930478919071,882.8125,66.4834130649464,15.625,95.90463139063536,96.04590792842487,0.0757797916342381,34.47312341586,96.04590792842487,67.81481520351448,67.97579840863314,0.9865383912177701,150,0.024922600619195046,8.171483666890818,64.0,1.2109375,5.837047010870013,496.09130059166324,496.09130059166324,0.0,0.8857641881029593,674,60.5,4.0,23.714200445670627,0.07912743736173278,-0.5350433355082795,5.025942726934262,-0.0013284186908570908,441,4.0,34.47312341586,15.625,960.9375,7.8125,93,32,79,6,8,19,154,0.024922600619195046,17,17,5,2,12,2124,1799.1484,1277.8671875,
p41,20,0,main_p_far_vs_p_pre,full_record,1800.0,757.358552631579,789.0625,169.0965967282027,39.0625,280.0217930880403,280.08078524674943,0.2232715219768049,190.53746314237574,280.08078524674943,198.00530877256958,134.09405560277537,1.4766151108078756,23,0.00968421052631579,4.6204826888043335,371.0,284.3671875,31.454141868010556,6.29036620376783,31.454141868010556,1.4115892856074646,0.0,136,372.0,285.7734375,103.00076315789474,0.05726315789473684,0.2103136434685871,3.333600538516741,0.00015054713400398915,41,285.7734375,190.53746314237574,46.875,718.75,46.875,10,15,34,4,7,4,534,0.2248421052631579,21,21,50,4,2,2375,1798.7266,,272.19256111518007
p41,20,0,main_p_far_vs_p_pre,rr_count,50.0,756.71875,792.96875,160.92527073607673,31.25,259.77866149004853,262.35681798813755,0.209074730685984,182.71683673469389,262.35681798813755,183.69125314717795,106.56255610747236,1.6982435154574211,23,0.0,4.6204826888043335,-1.0,10.8671875,31.454141868010556,6.11011036683878,31.454141868010556,0.0,0.0,63,-1.0,17.6171875,0.0,0.0,-0.011905253047049383,3.3341664085791995,0.0006812476244452188,39,11.625,182.71683673469389,46.875,718.75,31.25,125,11,10,4,7,38,517,0.22,11,11,54,4,2,2350,1779.4688,,127.45376597780191
p41,20,0,main_p_far_vs_p_pre,rr_count,100.0,756.09375,796.875,166.54003534522982,31.25,278.8835806047648,280.3026650854908,0.22157194750688153,195.1546717171717,280.3026650854908,197.2004710072143,99.0389175479936,1.7012891750462034,23,0.0,4.6204826888043335,-1.0,10.8671875,31.454141868010556,6.29036620376783,31.454141868010556,0.4510161619629036,0.0,105,-1.0,18.3203125,0.0,0.0,-0.03860366060013477,3.333600532937412,0.0008186237693228165,41,12.265625,195.1546717171717,78.125,718.75,70.3125,81,11,10,4,7,32,499,0.22,11,11,48,4,2,2300,1741.5469,,217.04841827687787
p41,20,0,main_p_far_vs_p_pre,rr_count,128.0,758.11767578125,796.875,165.12551420756736,31.25,275.1792118264174,276.2607803962542,0.22100116933722663,194.69734251968504,276.2607803962542,194.5810867240291,100.22706330329217,1.824021752784064,23,0.0,4.6204826888043335,-1.0,13.6796875,31.454141868010556,6.29036620376783,31.454141868010556,0.2210476102170591,0.018306892773707395,72,-1.0,65.0234375,0.0,0.0,-0.07583269949969337,3.3336005385164373,0.0011159808723315155,41,15.078125,194.69734251968504,62.5,718.75,54.6875,99,11,23,4,7,32,500,0.2265625,11,11,47,3,2,2304,1744.5547,,148.57659665242943
p41,20,0,main_p_far_vs_p_pre,rr_count,200.0,751.4453125,796.875,169.40163286102722,31.25,267.4993450744577,268.1730619575222,0.22404383402002556,182.7889447236181,268.1730619575222,189.15060086510934,106.9209103010017,1.8440085984475518,23,0.0,4.6204826888043335,-1.0,56.4296875,31.454141868010556,6.29036620376783,31.454141868010556,0.7331121471717372,0.0,105,-1.0,96.296875,0.0,0.0,0.08252264427652009,3.333600538516741,-0.0008201380807268448,41,47.75,182.7889447236181,39.0625,718.75,39.0625,69,11,20,4,7,29,474,0.235,11,11,43,4,2,2200,1664.5938,,227.08242695605378
p41,20,0,main_p_far_vs_p_pre,time,300.0,759.4404806654329,789.0625,163.7121884794381,31.25,268.82725530300775,269.1702877703343,0.21974713384296046,185.38709647293467,269.1702877703343,190.08957519252405,117.37952510796146,1.5074852652682356,23,0.00886815568749411,4.6204826888043335,77.5,8.5078125,31.454141868010556,6.29036620376783,31.454141868010556,1.0177157076535912,0.0,76,111.0,172.1171875,5.723401717557252,0.019083969465648856,0.019335959501296275,3.333600538516741,0.00024689520874307086,41,9.0,185.38709647293467,58.59375,718.75,54.6875,53,11,29,4,7,20,525,0.2263813975788086,12,12,50,3,2,2375,1798.7266,,152.10760768201237
p42,20,1,main_p_far_vs_p_pre,full_record,1800.0,743.8676075268817,820.3125,206.81792467054908,101.5625,361.1342018979747,361.20893220439245,0.2780305562143666,301.5553889118742,361.20893220439245,255.36044308044967,142.61259425388155,1.7905883026421379,1,0.00041356492969396195,10.84274034866781,178.0,137.703125,15.401422459952844,2.357288079430261,15.401422459952844,0.0,0.3871368400349654,25,178.0,137.703125,18.596690188172044,0.01033912324234905,-0.22640558388004703,1.850850271031396,-4.109477491304374e-05,12,137.703125,301.5553889118742,390.625,3765.625,46.875,2,11,7,4,6,4,872,0.36062861869313484,14,14,249,1,0,2418,1798.6719,1662.296875,
p42,20,1,main_p_far_vs_p_pre,rr_count,50.0,741.796875,820.3125,191.0871994659727,97.65625,345.5581844054644,349.0765520243964,0.25980329336364755,297.4330357142857,349.0765520243964,244.3465354876153,118.69854026182335,2.0510105216974086,1,0.0,10.84274034866781,-1.0,24.125,15.401422459952844,2.357288079430261,15.401422459952844,0.0,0.0,12,-1.0,24.125,0.0,0.0,-0.048541660156036406,1.8508500777015953,-0.00041890632286479315,11,24.125,297.4330357142857,386.71875,3765.625,54.6875,2,10,7,4,6,12,889,0.34,38,38,239,1,0,2400,1785.7734,1662.2969,
p42,20,1,main_p_far_vs_p_pre,rr_count,100.0,744.0625,822.265625,191.74217292390824,97.65625,351.4089953477744,353.18886302236035,0.25963233777941924,302.5568181818182,353.18886302236035,248.48368358036322,116.85544662476377,2.1001611104552937,1,0.0,10.84274034866781,-1.0,61.8828125,15.401422459952844,2.357288079430261,15.401422459952844,0.0,0.0,25,-1.0,34.375,0.0,0.0,-0.012958847416707553,1.8508500777015953,0.00023001461940592448,12,32.96875,302.5568181818182,390.625,3765.625,46.875,2,11,7,4,6,13,864,0.345,13,13,247,1,0,2400,1785.7734,1662.2968875,
p42,20,1,main_p_far_vs_p_pre,rr_count,128.0,744.0185546875,820.3125,191.94121542275997,99.609375,345.43100713561347,346.7856986859901,0.25649593225205036,297.1825787401575,346.7856986859901,244.25660757769094,119.72207244405789,2.035059181009462,1,0.0,10.84274034866781,-1.0,40.84375,13.726334724176024,2.357288079430261,13.726334724176024,0.0,0.0,10,-1.0,40.84375,0.0,0.0,-0.06468757220474397,1.769790904845078,0.00016223866231049197,9,40.84375,297.1825787401575,386.71875,3765.625,62.5,2,9,7,4,6,11,825,0.3359375,13,13,241,1,0,2304,1716.3516,1662.29685,
p42,20,1,main_p_far_vs_p_pre,rr_count,200.0,743.9453125,820.3125,192.7709523430942,101.5625,350.8283044259408,351.7107850770168,0.262472745375133,301.2719849246231,351.7107850770168,248.07307309176122,116.79616678362166,2.049037969678104,1,0.0,10.84274034866781,-1.0,137.703125,15.401422459952844,2.357288079430261,15.401422459952844,0.0,0.0,25,-1.0,34.375,0.0,0.0,-0.010199342895506877,1.8508500777015953,0.00012702654460636432,12,32.96875,301.2719849246231,390.625,3765.625,50.78125,2,11,8,4,6,12,864,0.3425,13,13,246,1,0,2400,1785.7734,1662.296875,
p42,20,1,main_p_far_vs_p_pre,time,300.0,742.5236712833615,820.3125,194.95329544894378,101.5625,350.7248029689662,351.1594966011064,0.2630039627066165,293.28267012678185,351.1594966011064,247.99988650967174,123.11671270154979,1.9695795845296846,1,0.0,10.84274034866781,-1.0,137.703125,15.401422459952844,2.357288079430261,15.401422459952844,0.0,0.0,25,-1.0,26.921875,0.0,0.0,-0.004795808021112992,1.85084815000467,0.00010108758659275625,12,25.515625,293.28267012678185,386.71875,3765.625,50.78125,2,11,8,4,6,10,872,0.3453893354074842,13,13,249,1,0,2418,1798.6719,1662.296875,
p43,21,0,main_p_far_vs_p_pre,full_record,1800.0,613.503665189226,617.1875,20.634084577680518,7.8125,20.69207668243541,20.695605561419793,0.03363318876231366,7.487423260572988,20.695605561419793,14.631507738982117,25.247769683713695,0.5795168413794707,40,0.013637913399249914,37.009062543325875,17.0,10.828125,2408.2042948989374,6.514881867365557,2408.2042948989374,2408.2042948989374,0.0,2458,475.0,286.7109375,1507.9920090351177,0.8380497783839073,1.5542690469335774,12.343033128239714,0.0006670313502964683,2284,55.3515625,7.487423260572988,7.8125,390.625,7.8125,36,9,272,4,7,4,12,0.004091374019774974,0,0,0,0,0,2933,1799.4062,,4917.622268946278
p43,21,0,main_p_far_vs_p_pre,rr_count,50.0,613.28125,617.1875,5.9109646355709415,3.90625,8.048105525589262,8.128315227350438,0.009676312230799684,5.9789540816326525,8.128315227350438,5.69086999284909,6.219031935329664,0.9182871354155338,39,0.0,37.009062543325875,-1.0,1.2578125,121.72095355168673,6.514881867365557,121.72095355168673,37.317001543745654,0.0,1991,7.0,2.5,25.589765625,0.82,1.1764762735591474,11.896822550961447,-0.0011240007601222225,1998,1.2578125,5.9789540816326525,7.8125,390.625,7.8125,47,9,7,4,7,75,12,0.0,0,0,0,0,0,2900,1779.0234,,4028.9520643741953
p43,21,0,main_p_far_vs_p_pre,rr_count,100.0,613.28125,617.1875,6.018335141518069,3.90625,8.083982518448803,8.123573969413885,0.010028642940017317,5.997474747474747,8.123573969413885,5.716238857788652,6.370175127522245,0.90267093384844,39,0.0,37.009062543325875,-1.0,1.2578125,240.36518985982565,6.514881867365557,240.36518985982565,74.6340030874913,0.0,2213,8.0,2.5,56.206250000000004,0.91,1.2410125984201534,11.896822550961447,0.0005590784325564268,2130,1.2578125,5.997474747474747,7.8125,390.625,7.8125,53,9,7,4,7,42,12,0.0,0,0,0,0,0,2900,1779.0234,,4478.18730208945
p43,21,0,main_p_far_vs_p_pre,rr_count,128.0,614.31884765625,617.1875,6.226499365904875,5.859375,8.490463251743506,8.523865243094813,0.01026219483509631,6.428395669291339,8.523865243094813,6.003664140723018,6.751038663182655,0.8505186341331885,39,0.00390625,37.009062543325875,8.0,10.828125,265.7625541634557,6.514881867365557,265.7625541634557,108.08079543162964,0.0,2188,7.0,3.1015625,73.934326171875,0.9375,1.3543150300050126,12.342986383868361,0.00364084218797483,2089,1.859375,6.428395669291339,7.8125,390.625,7.8125,46,12,7,4,7,35,12,0.0,0,0,0,0,0,2816,1727.1406,,4560.601493590041
p43,21,0,main_p_far_vs_p_pre,rr_count,200.0,613.9453125,617.1875,6.667680858357531,7.8125,9.274141443709754,9.297531497109466,0.010910276447320011,6.359924623115578,9.297531497109466,6.557808304530365,6.821694362193693,0.8682899953382892,39,0.005,37.009062543325875,15.5,3.4375,375.3528141281407,6.514881867365557,375.3528141281407,161.52096570156482,0.0,2233,8.0,3.4375,117.25691406249999,0.955,1.3221874098986803,11.896822550961447,8.688105455819142e-06,2095,1.859375,6.359924623115578,7.8125,390.625,7.8125,44,9,7,4,7,24,12,0.0,0,0,0,0,0,2800,1717.2656,,4681.162890586057
p43,21,0,main_p_far_vs_p_pre,time,300.0,614.3862065488413,617.1875,7.327920124013589,7.8125,10.45243611203113,10.463053181488231,0.012080620640046991,6.878777665083449,10.463053181488231,7.3909884547363625,7.4595754633449465,0.8915473905850607,40,0.006098190787435082,37.009062543325875,146.0,10.828125,677.3192999234624,6.514881867365557,677.3192999234624,415.4577884132508,0.0,2408,10.5,4.921875,293.4987412555229,0.9784557121817798,1.388216784936347,12.343033128239714,0.00041395719095852195,2249,3.6875,6.878777665083449,7.8125,390.625,7.8125,46,9,7,4,7,14,12,0.0,0,0,0,0,0,2933,1799.4062,,4817.589269171131
p44,21,1,main_p_far_vs_p_pre,full_record,1800.0,628.9649598042643,648.4375,163.30245404582604,31.25,223.8783020001703,223.91744447975836,0.25963680726609356,41.43083479020979,223.91744447975836,158.3058655048502,168.1506346748014,0.9414526790874699,1428,0.4991261796574624,366.7730828068172,68.0,46.2109375,562.5696545468526,9521.374565488799,9521.374565488799,0.0,9521.374565488799,2160,70.0,47.640625,1358.5643131772108,0.7549807759524642,-12.852936420201456,81.48489378599203,-0.004420341008037778,1676,46.2109375,41.43083479020979,7.8125,4062.5,7.8125,130,164,204,4,6,4,92,0.03215658860538273,7,7,3,1,0,2861,1799.4688,1752.359375,
p44,21,1,main_p_far_vs_p_pre,rr_count,50.0,660.15625,632.8125,21.134161497599866,7.8125,32.26971494375214,32.50208745667332,0.03528617109826339,14.03061224489796,32.50208745667332,22.81813426368401,18.415516771786198,0.8494255366325714,1417,0.56,366.7730828068172,0.0,0.265625,562.5696545468526,635.5941569029887,635.5941569029887,0.0,58.797166532245264,1770,0.0,0.265625,27.4453125,0.94,-1.295403471490884,81.48543582339131,0.007387035011726416,1647,0.265625,14.03061224489796,7.8125,4062.5,7.8125,112,15,19,4,6,91,73,0.0,6,6,1,0,0,2850,1793.6484,1752.359375,
p44,21,1,main_p_far_vs_p_pre,rr_count,100.0,660.3515625,638.671875,42.07497416806454,7.8125,41.25726596050697,41.46722795751185,0.06300541101443874,12.27114898989899,41.46722795751185,29.1732925338914,50.91721797090293,0.9020630284572654,1368,0.4,366.7730828068172,0.0,0.5390625,562.5696545468526,1005.9879179279627,1005.9879179279627,0.0,168.58212866808276,1849,0.5,0.5390625,56.2475,0.9450000000000001,-3.6787577635965913,81.48543582339131,-0.012230136804800992,1607,0.5390625,12.27114898989899,7.8125,4062.5,7.8125,108,39,36,4,6,65,68,0.015,5,5,1,0,0,2800,1766.8203,1752.359375,
p44,21,1,main_p_far_vs_p_pre,rr_count,128.0,662.017822265625,636.71875,38.06718427770192,7.8125,37.60785467324305,37.75585036882369,0.057347531159254096,12.272391732283463,37.75585036882369,26.592769065328348,46.215120022876846,0.8065371638890754,1384,0.4453125,366.7730828068172,0.0,0.515625,562.5696545468526,1298.0623975695987,1298.0623975695987,0.0,239.67838645418365,1871,3.0,0.515625,71.17630004882812,0.9296875,-1.4746902844073202,81.52355788906361,-0.0038739387994587825,1611,0.515625,12.272391732283463,7.8125,4062.5,7.8125,99,29,36,4,6,56,68,0.015625,5,5,1,0,0,2816,1775.2031,1752.359375,
p44,21,1,main_p_far_vs_p_pre,rr_count,200.0,662.24609375,636.71875,31.40378288643582,7.8125,29.738769741039853,29.81370817336461,0.04704884777592089,12.543184673366834,29.81370817336461,21.028485748034587,39.19508116503898,0.9733912652675281,1368,0.4425,366.7730828068172,0.0,0.5390625,562.5696545468526,1785.8727289828375,1785.8727289828375,0.0,190.4955557645693,1885,3.0,0.5390625,113.96484375,0.9425,-4.225459236750218,81.48489378599211,-0.0067225113821801595,1610,0.5390625,12.543184673366834,7.8125,4062.5,7.8125,106,51,22,4,6,41,70,0.01,5,5,1,0,0,2800,1766.8203,1752.359375,
p44,21,1,main_p_far_vs_p_pre,time,300.0,638.4497241299745,632.8125,33.27181634307307,11.71875,38.25595612051486,38.29597006188607,0.05302789611186717,11.748292145567843,38.29597006188607,27.051045993591064,38.65826391239138,0.6986379183863742,1428,0.4280145202020202,366.7730828068172,55.0,0.546875,562.5696545468526,4613.4972104691815,4613.4972104691815,0.0,1314.8873006841452,2111,30.5,0.546875,268.1774877508492,0.8934187002771073,-3.3475487229587317,81.48489378785322,-0.0023654086605545323,1672,0.546875,11.748292145567843,7.8125,4062.5,7.8125,107,73,72,4,6,21,75,0.005262445887445887,7,7,1,0,0,2861,1799.4688,1752.359375,
p45,22,0,main_p_far_vs_p_pre,full_record,1800.0,660.3411697247707,687.5,360.20805995343284,23.4375,478.1717071604844,478.2595011611153,0.5454878121616543,154.8102514684288,478.2595011611153,338.1184567047265,381.0191624399562,0.887405385439137,874,0.32073394495412844,400.6085681579179,236.0,163.03125,2665.688603014411,9078.21619904565,9078.21619904565,24.44326805770258,8997.697711069095,2646,77.0,53.7890625,1747.262735091743,0.9710091743119266,0.7379316879628971,85.31697791087323,-0.018684119354261636,2113,48.1796875,154.8102514684288,7.8125,5156.25,7.8125,184,115,66,6,6,4,648,0.23779816513761468,54,54,7,0,49,2725,1799.4297,,5293.677213397112
p45,22,0,main_p_far_vs_p_pre,rr_count,50.0,696.953125,687.5,212.9120788474678,7.8125,220.65014206774003,222.82481142391538,0.44121968529839567,140.5452806122449,222.82481142391538,156.02321172587406,248.27360470108982,0.9476720131381688,873,0.28,400.6085681579179,3.5,0.1640625,669.244684190969,1509.4686057373187,1509.4686057373187,36.01081051119779,34.33943796244664,2218,5.0,0.1640625,29.039531249999996,0.88,0.18501093313646602,78.23716858067633,-0.0036550750819751886,1970,0.1640625,140.5452806122449,7.8125,5156.25,7.8125,134,14,18,6,6,120,614,0.16,68,68,13,2,35,2700,1781.8828,,4481.102797557729
p45,22,0,main_p_far_vs_p_pre,rr_count,100.0,695.546875,687.5,306.43437610751323,7.8125,421.8640395602036,424.0100465815777,0.4348984194463507,133.364898989899,424.0100465815777,298.30292311176987,282.29540123186626,0.917645460862909,873,0.31,400.6085681579179,2.0,0.1640625,892.7830096141898,2905.877692876998,2905.877692876998,91.19972181485927,51.1315186495066,2425,4.0,0.1640625,62.8984375,0.96,0.7265795973871334,85.31695418004814,0.005579057994532841,2039,0.1640625,133.364898989899,7.8125,5156.25,7.8125,172,34,32,6,6,76,668,0.23,62,62,10,0,43,2700,1781.8828,,4899.312120864514
p45,22,0,main_p_far_vs_p_pre,rr_count,128.0,693.4814453125,687.5,305.17046316724543,7.8125,384.43358553430505,385.956095800971,0.47275628087563365,133.48917322834646,385.956095800971,271.8355952471657,332.53927091858407,0.8642581865634374,873,0.2890625,400.6085681579179,7.0,0.1875,1097.0942372017612,3371.357126557384,3371.357126557384,137.4726520256393,70.67548330963673,2374,7.0,0.1875,81.4208984375,0.9453125,-0.16541012629756632,85.31697791085853,0.008387331845294903,2036,0.1875,133.48917322834646,7.8125,5156.25,7.8125,161,34,32,6,6,64,647,0.1484375,69,69,8,3,46,2688,1773.4219,,4819.157810107115
p45,22,0,main_p_far_vs_p_pre,rr_count,200.0,693.6328125,687.5,385.6478437897156,7.8125,483.2202381352614,484.4389528179043,0.5306985325494123,143.13756281407035,484.4389528179043,341.6883071920217,401.3747394931814,0.970762744228074,825,0.31,400.6085681579179,6.0,0.171875,1206.8259043745254,4666.289419288329,4666.289419288329,259.8297725509094,51.1315186495066,2442,4.0,0.171875,131.1015625,0.98,0.7265795974379796,85.31695418004814,-0.029916552181911908,1985,0.171875,143.13756281407035,7.8125,5156.25,7.8125,162,44,56,6,6,42,589,0.18,66,66,12,2,39,2600,1730.0156,,5081.572674835996
p45,22,0,main_p_far_vs_p_pre,time,300.0,698.3796268055827,691.40625,365.7541486405297,7.8125,495.9007657018176,496.47838887886985,0.530811121188219,157.0413773496203,496.47838887886985,350.6547942233565,380.25312504083644,0.9226350016272066,874,0.33836781833561064,400.6085681579179,6.0,0.6484375,1636.657399938581,9078.21619904565,9078.21619904565,863.2240920597776,34.14123791904612,2608,5.0,1.3828125,296.21048944940344,0.9882564396612562,0.12930858045017257,85.31697791087323,0.04357706486546061,2096,1.3125,157.0413773496203,7.8125,5156.25,7.8125,179,68,45,6,6,21,641,0.22150378467477821,58,58,8,1,54,2725,1799.4297,,5217.653126432225
p46,22,1,main_p_far_vs_p_pre,full_record,1800.0,747.5072704611549,757.8125,147.39140850778423,23.4375,169.41821206551495,169.45343045532385,0.19717722399790838,31.577956151288447,169.45343045532385,119.79676660802618,170.57898262704924,0.7022950000232304,69,0.028666389696717906,41.02312047081369,13.0,11.1171875,77.00255329516406,48.42445180405868,77.00255329516406,16.97270855769091,0.0,829,37.0,27.703125,619.6835272122975,0.3444121312837557,0.1885668346739462,10.584672781377188,9.282139546355144e-05,127,11.1171875,31.577956151288447,7.8125,3578.125,7.8125,117,199,105,6,6,4,86,0.03572912339011217,4,4,1,0,7,2407,1799.25,1772.296875,
p46,22,1,main_p_far_vs_p_pre,rr_count,50.0,750.546875,750.0,15.266937127865909,7.8125,11.784254888918449,11.903667942844955,0.019965522106576924,9.167729591836736,11.903667942844955,8.332726543184961,18.350118882613252,0.7016485697902994,69,0.0,41.02312047081369,-1.0,0.2890625,77.00255329516406,36.25112922670559,77.00255329516406,0.0,0.0,257,-1.0,2.5859375,0.0,0.0,0.2655464886241409,11.68598755754467,-0.0005825601949956756,123,0.2890625,9.167729591836736,7.8125,3578.125,7.8125,98,24,18,6,6,48,85,0.0,5,5,1,0,7,2400,1794.0156,1772.296875,
p46,22,1,main_p_far_vs_p_pre,rr_count,100.0,753.046875,757.8125,31.770815375930148,7.8125,52.03474931218831,52.29955890693202,0.04092652219608349,16.571969696969695,52.29955890693202,36.7941240959904,25.870163641507524,0.6875049937810103,69,0.0,41.02312047081369,-1.0,0.2890625,77.00255329516406,48.42445180405868,77.00255329516406,0.0,0.0,451,-1.0,2.5859375,0.0,0.0,0.22943234951555652,11.68598755754467,0.0006356105688150347,123,0.2890625,16.571969696969695,7.8125,3578.125,7.8125,115,30,31,6,6,41,85,0.01,5,5,1,0,7,2400,1794.0156,1772.296875,
p46,22,1,main_p_far_vs_p_pre,rr_count,128.0,746.307373046875,753.90625,33.05843836619917,7.8125,51.208681134360674,51.41147158327253,0.04353607408631687,17.378198818897637,51.41147158327253,36.21000568572606,29.464883757035956,0.6801497266849557,57,0.0,41.02312047081369,-1.0,7.4375,67.87655411922597,48.42445180405868,67.87655411922597,0.0,0.0,373,18.0,27.703125,1.48681640625,0.015625,0.34094023767479686,10.584672781376955,0.0008267808889364885,106,7.4375,17.378198818897637,7.8125,2710.9375,7.8125,102,44,28,6,6,33,74,0.01171875,5,5,1,0,6,2304,1723.9297,1772.296875,
p46,22,1,main_p_far_vs_p_pre,rr_count,200.0,751.81640625,750.0,48.24611178373205,7.8125,58.99220974502264,59.140656649782215,0.06438190511799252,19.393844221105525,59.140656649782215,41.71379154788464,53.508561103037266,0.6850399823600051,69,0.0075,41.02312047081369,6.0,9.765625,77.00255329516406,48.42445180405868,77.00255329516406,0.0,0.0,491,33.5,10.0234375,15.12703125,0.1,0.1704675940856682,10.584672781323091,-0.0022299165005935343,125,9.765625,19.393844221105525,7.8125,3578.125,7.8125,101,84,81,6,6,25,85,0.0175,5,5,1,0,7,2400,1794.0156,1772.296875,
p46,22,1,main_p_far_vs_p_pre,time,300.0,744.6623698254257,753.90625,77.68533238165594,15.625,76.98086015057952,77.07142318301206,0.10593820527169981,24.420708182776274,77.07142318301206,54.43368823404804,95.54769061573475,0.6177376752957973,69,0.023249193964019033,41.02312047081369,103.0,0.2265625,77.00255329516406,48.42445180405868,77.00255329516406,0.0,0.0,708,122.0,0.5625,64.64232708862266,0.21558411791671073,0.2433786352121932,10.584672781377188,-0.0013367099522221826,125,0.2265625,24.420708182776274,7.8125,3578.125,7.8125,118,57,89,6,6,19,88,0.03302650030563446,6,6,1,0,7,2407,1799.25,1772.296875,
p47,23,0,main_p_far_vs_p_pre,full_record,1800.0,593.3018051434224,593.75,16.06960526610481,15.625,15.61920138940508,15.621777539967152,0.027085043609837336,11.479118568601583,15.621777539967152,11.044443219166675,19.86163892521083,0.5560690767138915,12,0.003956478733926805,21.111845945201445,935.0,553.9765625,28.8584054538603,42.45959616300489,42.45959616300489,17.981684262817613,0.7606874888253989,578,266.0,157.6015625,342.92844337289813,0.19057039235080778,-0.05004517077400232,6.227010244071438,0.0005062478466413918,172,4.046875,11.479118568601583,7.8125,312.5,7.8125,33,5,5,5,5,2,1,0.0003297065611605671,0,0,0,0,0,3033,1799.4844,,1156.33122465524
p47,23,0,main_p_far_vs_p_pre,rr_count,50.0,593.515625,593.75,13.809550811157786,11.71875,13.181911656668989,13.310243066389646,0.023297472157377007,10.841836734693878,13.310243066389646,9.321019121432638,17.156601687495925,0.5450528271215851,12,0.0,21.111845945201445,-1.0,1.8515625,16.37026127497844,42.45959616300489,42.45959616300489,0.8933394265434397,0.0,204,-1.0,6.0703125,0.0,0.0,0.21420364514749585,6.2427482640227305,-0.0003935315227297474,148,1.8515625,10.841836734693878,7.8125,312.5,7.8125,7,5,5,5,5,13,1,0.0,0,0,0,0,0,3000,1779.7812,,412.63499131241525
p47,23,0,main_p_far_vs_p_pre,rr_count,100.0,594.0625,593.75,13.802975255623059,11.71875,13.255380218959976,13.321654156084659,0.023354221896926326,11.008522727272727,13.321654156084659,9.37296924003262,17.23638574569587,0.5426626657803699,12,0.0,21.111845945201445,-1.0,7.9140625,20.10382321076235,42.45959616300489,42.45959616300489,1.0535436561536065,0.0,308,-1.0,7.9140625,0.0,0.0,0.2185704765399759,6.2427482640227305,-0.0008893214344005578,158,1.8515625,11.008522727272727,7.8125,312.5,7.8125,11,11,5,5,5,13,1,0.0,0,0,0,0,0,3000,1779.7812,,622.997928059921
p47,23,0,main_p_far_vs_p_pre,rr_count,128.0,593.6279296875,593.75,13.908070945637013,7.8125,13.298788500857933,13.349171554907432,0.023493074901803333,10.9498031496063,13.349171554907432,9.403663530522325,17.379425347913255,0.5424333222462435,12,0.0,21.111845945201445,-1.0,12.6953125,20.13052391569739,42.45959616300489,42.45959616300489,1.6136913653991947,0.0,347,-1.0,10.8203125,0.0,0.0,0.39712995958053593,6.2291210006967805,0.0010203026362013705,146,2.859375,10.9498031496063,7.8125,312.5,7.8125,14,11,5,5,5,14,1,0.0,0,0,0,0,0,2944,1746.2656,,715.3550983309756
p47,23,0,main_p_far_vs_p_pre,rr_count,200.0,593.6328125,593.75,14.287742804819041,11.71875,13.383506546770064,13.417260715250714,0.02418768785897153,10.992462311557789,13.417260715250714,9.463568235275666,17.92132081607585,0.5417534107622279,12,0.0,21.111845945201445,-1.0,7.9140625,28.8584054538603,42.45959616300489,42.45959616300489,1.5068885456590833,0.0,345,17.0,7.9140625,2.9783203125,0.025,0.3645399899753434,6.2427482640227305,0.0028740521299505644,161,4.046875,10.992462311557789,7.8125,312.5,7.8125,15,11,5,5,5,12,1,0.0,0,0,0,0,0,3000,1779.7812,,697.8385882489375
p47,23,0,main_p_far_vs_p_pre,time,300.0,593.6270784007748,593.75,14.639408647915417,15.625,14.116760517863835,14.130708791672584,0.024737451545185245,11.228286551481235,14.130708791672584,9.982057090568034,18.129206147858213,0.5509407997976935,12,0.0029644268774703555,21.111845945201445,6.0,8.1953125,28.8584054538603,42.45959616300489,42.45959616300489,1.71353546171055,0.5942338764600241,569,225.5,9.0703125,55.71145221410649,0.18560952362426814,-0.04879937307608521,6.227010244071438,-0.00018423469565203145,172,1.859375,11.228286551481235,7.8125,312.5,7.8125,18,5,5,5,5,8,1,0.0,0,0,0,0,0,3033,1799.4844,,1138.3260671779094
p48,23,1,main_p_far_vs_p_pre,full_record,1800.0,568.7223451327434,578.125,89.28381128369483,15.625,136.91023228262821,136.93187988056295,0.15699015881441308,70.22605121719886,136.93187988056295,96.81015366087178,81.0616559345,1.1942780164656024,958,0.3027812895069532,74.45741199285794,201.0,114.2734375,526.8787563339013,357.45340984866317,526.8787563339013,407.91720920613807,0.0,2429,202.0,114.9375,1381.4265763274336,0.7676991150442478,1.7253428334452792,14.141883659936347,0.0005328372214798869,1408,114.2734375,70.22605121719886,15.625,625.0,15.625,372,8,12,6,8,4,402,0.12705436156763592,71,71,10,19,4,3164,1799.4375,1685.0625,
p48,23,1,main_p_far_vs_p_pre,rr_count,50.0,568.90625,578.125,83.94519212326722,11.71875,114.74929520202835,115.85682463242456,0.153763374238383,66.80484693877551,115.85682463242456,81.1400047737312,82.64582403575193,1.050697040698005,951,0.38,74.45741199285794,0.0,0.359375,149.69341377059212,152.3004894113737,152.3004894113737,11.206870324063052,2.0415817533399183,1816,1.0,0.359375,24.215625,0.86,0.18645279681630123,14.083425331382388,-0.0031435373868697676,1364,0.359375,66.80484693877551,15.625,625.0,15.625,110,6,8,6,8,112,399,0.14,68,68,10,17,4,3150,1791.2812,1685.0624625,
p48,23,1,main_p_far_vs_p_pre,rr_count,100.0,568.984375,578.125,85.83757965187756,15.625,116.45393297508745,117.04590583434214,0.15213528379175198,62.26325757575758,117.04590583434214,82.34536570252803,87.90301364707946,1.132801106286584,926,0.25,74.45741199285794,0.0,0.4296875,181.65082237515162,242.9855651461884,242.9855651461884,16.521836942977792,3.7047841209695145,1929,1.0,0.640625,48.34140625,0.86,0.12610407571492244,14.083425331382388,-0.0011487355959381464,1346,0.4296875,62.26325757575758,15.625,625.0,15.625,122,7,7,6,8,59,389,0.12,67,67,10,17,4,3100,1762.8281,1685.0624625,
p48,23,1,main_p_far_vs_p_pre,rr_count,128.0,568.4814453125,574.21875,76.38070234014327,7.8125,108.31752488426976,108.74473568694633,0.13590023101508786,55.02583661417323,108.74473568694633,76.59205636700975,72.96345461306706,1.0973929849265476,909,0.26953125,74.45741199285794,0.0,0.359375,225.45021828404046,259.5448300719599,259.5448300719599,18.043162288308615,10.096686979043252,1955,3.0,0.640625,66.80239868164062,0.9140625,-0.030008678885646494,14.141883703693455,-0.00046168739938514297,1333,0.359375,55.02583661417323,15.625,625.0,11.71875,147,7,7,6,7,52,380,0.09765625,68,68,10,17,4,3072,1746.9922,1685.0625,
p48,23,1,main_p_far_vs_p_pre,rr_count,200.0,569.0625,578.125,80.3132511837218,7.8125,122.20217046194104,122.50986105848438,0.1433865144224338,64.8947864321608,122.50986105848438,86.40998340935292,73.71398373846401,1.0985858328992746,868,0.265,74.45741199285794,1.0,0.609375,257.4076268885998,242.9855651461884,257.4076268885998,23.96366975506396,3.7047841209695145,1980,2.0,0.640625,100.61757812500001,0.895,-0.28679375405500096,14.141883659953372,-0.004013084027730235,1291,0.609375,64.8947864321608,15.625,625.0,15.625,148,7,7,6,7,34,361,0.12,64,64,10,15,4,3000,1706.4922,1685.0624625,
p48,23,1,main_p_far_vs_p_pre,time,300.0,567.6556738033009,574.21875,89.76393087236622,13.671875,134.5072560536334,134.63432942070386,0.15886103311379912,70.51304194301154,134.63432942070386,95.11099287431945,84.05199914046736,1.1216387047719087,958,0.3126897432259895,74.45741199285794,22.0,0.625,391.98465545888905,299.54069663120396,391.98465545888905,41.82489281333221,0.34095817951323326,2199,18.5,1.234375,240.00683598644875,0.79996061723533,0.9533449822901312,14.141883659936347,-0.0005364257710669024,1406,0.625,70.51304194301154,15.625,625.0,15.625,184,7,7,6,8,16,401,0.13089090651156193,71,71,10,19,4,3164,1799.4375,1685.0625,
p49,24,0,main_p_far_vs_p_pre,full_record,1800.0,994.6275566611388,992.1875,29.585560929992184,7.8125,43.498935165309085,43.51096973053182,0.029745366224627673,13.931139380530974,43.51096973053182,30.758392029784027,28.364275961615494,1.0844060349507394,4,0.002211166390270868,13.952609731434041,158.0,158.3984375,13.452609731434041,6.425220812259048,13.452609731434041,0.0,0.0,12,158.0,158.3984375,11.935530679933665,0.006633499170812604,0.061700541630146814,2.7287512851573243,1.1799556985072314e-05,6,158.3984375,13.931139380530974,7.8125,992.1875,7.8125,15,20,16,4,4,1,2,0.001105583195135434,0,0,0,0,0,1809,1799.2812,,24.009587828739612
p49,24,0,main_p_far_vs_p_pre,rr_count,50.0,993.59375,992.1875,9.14106725131995,7.8125,14.679075877135546,14.83119471595851,0.009219585409809859,11.71875,14.83119471595851,10.37967409427441,8.189243163636085,1.3421372606127542,4,0.0,13.952609731434041,-1.0,2.75,13.452609731434041,6.425220812259048,13.452609731434041,0.0,0.0,12,-1.0,9.890625,0.0,0.0,-0.010560856059924026,2.7385427845046504,4.9399610664171925e-05,6,9.890625,11.71875,7.8125,992.1875,7.8125,25,20,21,4,4,4,3,0.0,1,1,0,0,0,1800,1790.2812,,24.13028746545515
p49,24,0,main_p_far_vs_p_pre,rr_count,100.0,994.4921875,992.1875,9.867917445380396,7.8125,14.92856870885824,15.004019393893369,0.00993150719819354,11.876578282828284,15.004019393893369,10.556092167442962,9.395239772815712,1.182676220754428,4,0.0,13.952609731434041,-1.0,40.9296875,13.452609731434041,6.425220812259048,13.452609731434041,0.0,0.0,12,-1.0,59.2734375,0.0,0.0,-0.016096193563280646,2.728751409548207,-0.0009059155015142379,6,40.9296875,11.876578282828284,7.8125,992.1875,7.8125,20,11,21,4,4,5,2,0.0,0,0,0,0,0,1800,1790.2812,,24.13028746545515
p49,24,0,main_p_far_vs_p_pre,rr_count,128.0,995.025634765625,992.1875,10.577115610465533,7.8125,14.786746414044622,14.84505359623234,0.010658614837362327,11.41117125984252,14.84505359623234,10.455808661056816,10.426640737323549,1.166497641986111,4,0.0,13.952609731434041,-1.0,31.6640625,13.452609731434041,6.425220812259048,13.452609731434041,0.0,0.0,12,-1.0,31.6640625,0.0,0.0,-0.0399915131967854,2.7289482806576517,-0.000707584002497505,6,31.6640625,11.41117125984252,7.8125,992.1875,7.8125,23,11,21,4,4,5,2,0.0,0,0,0,0,0,1792,1782.3359,,24.23785550187257
p49,24,0,main_p_far_vs_p_pre,rr_count,200.0,994.53125,992.1875,13.057260342068181,7.8125,15.595528109568193,15.634811617921383,0.0131316387647592,12.327261306532664,15.634811617921383,11.027703682461086,11.668127680002769,1.161822392231753,4,0.0,13.952609731434041,-1.0,40.9296875,13.452609731434041,6.425220812259048,13.452609731434041,0.0,0.0,12,-1.0,158.3984375,0.0,0.0,0.03388564243572119,2.7287512851573243,0.000216413121962257,6,40.9296875,12.327261306532664,7.8125,992.1875,7.8125,18,20,18,4,4,5,2,0.0,0,0,0,0,0,1800,1790.2812,,24.13028746545515
p49,24,0,main_p_far_vs_p_pre,time,300.0,993.7693890123429,992.1875,12.614575710034675,7.8125,17.76125543712918,17.790746806949798,0.012688868482594411,12.707039873068432,17.790746806949798,12.559104161980478,12.844542396868544,1.198061175448994,4,0.0,13.952609731434041,-1.0,158.3984375,13.452609731434041,6.425220812259048,13.452609731434041,0.0,0.0,12,-1.0,158.3984375,0.0,0.0,0.0006200185503482895,2.7287512851573243,2.0993045376009083e-05,6,158.3984375,12.707039873068432,7.8125,992.1875,7.8125,20,20,16,4,4,4,2,0.0,0,0,0,0,0,1809,1799.2812,,24.009587828739612
p50,24,1,main_p_far_vs_p_pre,full_record,1800.0,936.8204752604166,945.3125,123.23884862480955,15.625,205.17806145085186,205.23146376927542,0.1315501228669791,96.65678738926525,205.23146376927542,145.08279860260748,96.57437118807806,1.5022908957911776,0,0.0,2.6549412814984286,-1.0,,1.4129086399960764,2.1549412814984286,2.1549412814984286,0.0,0.0,0,-1.0,,0.0,0.0,-0.18675441678711546,0.8150924055904631,-0.000186418629327611,0,,96.65678738926525,15.625,695.3125,7.8125,277,71,24,3,7,2,205,0.10677083333333333,66,66,0,3,0,1920,1798.6953,,
p50,24,1,main_p_far_vs_p_pre,rr_count,50.0,938.359375,945.3125,114.3318193933158,11.71875,192.45721988199278,194.45148016761397,0.12152099179559211,84.58227040816327,194.45148016761397,136.08780526686755,97.23228900713383,1.466485752689442,0,0.0,2.6549412814984286,-1.0,,1.4129086399960764,2.1549412814984286,2.1549412814984286,0.0,0.0,0,-1.0,,0.0,0.0,-0.09157254669665527,0.8150844505323898,-0.0005545195248548565,0,,84.58227040816327,15.625,695.3125,7.8125,189,9,17,3,7,24,185,0.09,47,47,0,6,0,1900,1780.125,,
p50,24,1,main_p_far_vs_p_pre,rr_count,100.0,937.8125,953.125,126.16005564890668,15.625,204.7077395730276,205.7487668559518,0.13271567339807888,95.88068181818181,205.7487668559518,144.75023081345756,99.05323400089141,1.5021009642478216,0,0.0,2.6549412814984286,-1.0,,1.4129086399960764,2.1549412814984286,2.1549412814984286,0.0,0.0,0,-1.0,,0.0,0.0,-0.09758660852091408,0.8150924055020328,-0.0010734904023288392,0,,95.88068181818181,15.625,695.3125,7.8125,213,10,20,3,7,17,209,0.1,71,71,0,0,0,1900,1780.125,,
p50,24,1,main_p_far_vs_p_pre,rr_count,128.0,936.767578125,945.3125,119.60460349168076,15.625,192.72648239535275,193.4620700033892,0.12808692225685978,90.12057086614173,193.4620700033892,136.2782026159837,95.69386580429988,1.5135767933996358,0,0.0,2.6549412814984286,-1.0,,1.4129086399960764,2.1549412814984286,2.1549412814984286,0.0,0.0,0,-1.0,,0.0,0.0,-0.08530576543376772,0.789296556522602,-0.0003538145605995112,0,,90.12057086614173,15.625,695.3125,7.8125,227,12,19,3,7,15,191,0.09375,52,52,0,6,0,1920,1798.6953,,
p50,24,1,main_p_far_vs_p_pre,rr_count,200.0,938.046875,945.3125,118.4989885330265,15.625,197.36748693218732,197.8651993347212,0.12730597618219305,95.55590452261306,197.8651993347212,139.55988839549696,92.7742319706131,1.5042958096349808,0,0.0,2.6549412814984286,-1.0,,1.4129086399960764,2.1549412814984286,2.1549412814984286,0.0,0.0,0,-1.0,,0.0,0.0,-0.09758660856287446,0.8150924055904631,6.945501277902214e-05,0,,95.55590452261306,15.625,695.3125,7.8125,219,12,20,3,7,12,201,0.1,72,72,0,0,0,1800,1689.1016,,
p50,24,1,main_p_far_vs_p_pre,time,300.0,934.3117211838006,945.3125,118.95083499224131,15.625,198.76938960073483,199.0802044721713,0.12744283236730417,93.569480444412,199.0802044721713,140.5511832789904,93.05214495811117,1.5055698150544676,0,0.0,2.6549412814984286,-1.0,,1.4129086399960764,2.1549412814984286,2.1549412814984286,0.0,0.0,0,-1.0,,0.0,0.0,-0.09378309430358056,0.8150924055904631,-8.342685862679728e-05,0,,93.569480444412,15.625,695.3125,7.8125,247,12,24,3,7,9,209,0.09405365240254544,70,70,0,0,0,1920,1798.6953,,
